INSERT INTO `qb_module` (`id`, `type`, `name`, `pre`, `dirname`, `domain`, `admindir`, `config`, `list`, `admingroup`, `adminmember`, `ifclose`, `ifsys`) VALUES (36, 2, '招商信息', 'zhaoshang_', 'zhaoshang', '', '', 'a:7:{s:12:"list_PhpName";s:18:"list.php?&fid=$fid";s:12:"show_PhpName";s:29:"bencandy.php?&fid=$fid&id=$id";s:8:"MakeHtml";N;s:14:"list_HtmlName1";N;s:14:"show_HtmlName1";N;s:14:"list_HtmlName2";N;s:14:"show_HtmlName2";N;}', 95, '', '', 0, 0);
 



#
# 导出表中的数据 `qb_label`
#

INSERT INTO `qb_label` (`name`, `ch`, `chtype`, `tag`, `type`, `typesystem`, `code`, `divcode`, `hide`, `js_time`, `uid`, `username`, `posttime`, `pagetype`, `module`, `fid`, `if_js`, `style`) VALUES ('', 0, 0, 'zhaoshang_ad1', 'pic', 0, 'a:4:{s:6:"imgurl";s:32:"../images/blue/zhaoshang/ad1.gif";s:7:"imglink";s:1:"#";s:5:"width";s:3:"250";s:6:"height";s:2:"68";}', 'a:3:{s:5:"div_w";s:0:"";s:5:"div_h";s:0:"";s:11:"div_bgcolor";s:0:"";}', 0, 0, 1, 'admin', 0, 0, 36, 0, 0, 'blue');
INSERT INTO `qb_label` (`name`, `ch`, `chtype`, `tag`, `type`, `typesystem`, `code`, `divcode`, `hide`, `js_time`, `uid`, `username`, `posttime`, `pagetype`, `module`, `fid`, `if_js`, `style`) VALUES ('', 0, 0, 'zhaoshang_ad2', 'code', 0, '<a href="#" target="_blank"><img src="http://www_qibosoft_com/images/blue/zhaoshang/ad2.gif" width="120" height="90" /></a>\r\n<a href="#" target="_blank"><img src="http://www_qibosoft_com/images/blue/zhaoshang/ad3.gif" width="120" height="90" /></a>\r\n<a href="#" target="_blank"><img src="http://www_qibosoft_com/images/blue/zhaoshang/ad4.gif" width="120" height="90" /></a>\r\n<a href="#" target="_blank"><img src="http://www_qibosoft_com/images/blue/zhaoshang/ad5.gif" width="120" height="90" /></a>\r\n<a href="#" target="_blank"><img src="http://www_qibosoft_com/images/blue/zhaoshang/ad6.gif" width="120" height="90" /></a>', 'a:4:{s:9:"html_edit";N;s:5:"div_w";s:0:"";s:5:"div_h";s:0:"";s:11:"div_bgcolor";s:0:"";}', 0, 0, 1, 'admin', 0, 0, 36, 0, 0, '');
INSERT INTO `qb_label` (`name`, `ch`, `chtype`, `tag`, `type`, `typesystem`, `code`, `divcode`, `hide`, `js_time`, `uid`, `username`, `posttime`, `pagetype`, `module`, `fid`, `if_js`, `style`) VALUES ('', 0, 0, 'zhaoshang_ad3', 'pic', 0, 'a:4:{s:6:"imgurl";s:32:"../images/blue/zhaoshang/ad7.gif";s:7:"imglink";s:1:"#";s:5:"width";s:3:"250";s:6:"height";s:2:"75";}', 'a:3:{s:5:"div_w";s:0:"";s:5:"div_h";s:0:"";s:11:"div_bgcolor";s:0:"";}', 0, 0, 1, 'admin', 0, 0, 36, 0, 0, 'blue');
INSERT INTO `qb_label` (`name`, `ch`, `chtype`, `tag`, `type`, `typesystem`, `code`, `divcode`, `hide`, `js_time`, `uid`, `username`, `posttime`, `pagetype`, `module`, `fid`, `if_js`, `style`) VALUES ('', 0, 0, 'zhaoshang_bencandyrad1', 'pic', 0, 'a:4:{s:6:"imgurl";s:32:"../images/blue/zhaoshang/ad1.gif";s:7:"imglink";s:1:"#";s:5:"width";s:3:"250";s:6:"height";s:2:"70";}', 'a:3:{s:5:"div_w";s:0:"";s:5:"div_h";s:0:"";s:11:"div_bgcolor";s:0:"";}', 0, 0, 1, 'admin', 0, 3, 36, 0, 0, 'blue');
INSERT INTO `qb_label` (`name`, `ch`, `chtype`, `tag`, `type`, `typesystem`, `code`, `divcode`, `hide`, `js_time`, `uid`, `username`, `posttime`, `pagetype`, `module`, `fid`, `if_js`, `style`) VALUES ('', 0, 0, 'zhaoshang_bencandyrad2', 'pic', 0, 'a:4:{s:6:"imgurl";s:32:"../images/blue/zhaoshang/ad7.gif";s:7:"imglink";s:1:"#";s:5:"width";s:3:"250";s:6:"height";s:2:"70";}', 'a:3:{s:5:"div_w";s:0:"";s:5:"div_h";s:0:"";s:11:"div_bgcolor";s:0:"";}', 0, 0, 1, 'admin', 0, 3, 36, 0, 0, 'blue');
INSERT INTO `qb_label` (`name`, `ch`, `chtype`, `tag`, `type`, `typesystem`, `code`, `divcode`, `hide`, `js_time`, `uid`, `username`, `posttime`, `pagetype`, `module`, `fid`, `if_js`, `style`) VALUES ('', 0, 0, 'zhaoshang_bencandyt1', 'Info_zhaoshang_', 1, 'a:30:{s:13:"tplpart_1code";s:86:"<div class="list$i"><A HREF="$url" target=\'_blank\' >$title</a><span>$hits</span></div>";s:13:"tplpart_2code";s:0:"";s:3:"SYS";s:2:"wn";s:6:"wninfo";s:10:"zhaoshang_";s:7:"typefid";N;s:6:"cityId";N;s:5:"width";s:3:"250";s:6:"height";s:3:"187";s:8:"rolltype";s:10:"scrollLeft";s:8:"rolltime";s:1:"3";s:11:"roll_height";s:2:"50";s:11:"content_num";s:2:"80";s:7:"newhour";s:2:"24";s:7:"hothits";s:2:"30";s:7:"tplpath";s:0:"";s:6:"DivTpl";i:1;s:5:"fiddb";N;s:8:"moduleid";N;s:5:"stype";s:1:"4";s:2:"yz";s:3:"all";s:10:"timeformat";s:11:"Y-m-d H:i:s";s:5:"order";s:4:"hits";s:3:"asc";s:4:"DESC";s:6:"levels";s:3:"all";s:7:"rowspan";s:1:"5";s:3:"sql";s:99:"SELECT * FROM qb_zhaoshang_content  WHERE city_id=\'$GLOBALS[city_id]\'  ORDER BY hits DESC LIMIT 0,5";s:7:"colspan";s:1:"1";s:8:"titlenum";s:2:"32";s:10:"titleflood";s:1:"0";s:9:"start_num";s:1:"1";}', 'a:3:{s:5:"div_w";s:2:"50";s:5:"div_h";s:2:"30";s:11:"div_bgcolor";s:0:"";}', 0, 0, 1, 'admin', 0, 3, 36, 0, 0, 'blue');
INSERT INTO `qb_label` (`name`, `ch`, `chtype`, `tag`, `type`, `typesystem`, `code`, `divcode`, `hide`, `js_time`, `uid`, `username`, `posttime`, `pagetype`, `module`, `fid`, `if_js`, `style`) VALUES ('', 0, 0, 'zhaoshang_bencandyt2', 'Info_zhaoshang_', 1, 'a:30:{s:13:"tplpart_1code";s:193:"<dl> \r\n<dt><a href="$url" target="_blank"><img src="$picurl" width="80"/></a></dt>\r\n<dd>\r\n<div><A HREF="$url" title=\'$full_title\' target="_blank">$title</A></div>\r\n<p>$content</p>\r\n</dd>\r\n</dl>";s:13:"tplpart_2code";s:0:"";s:3:"SYS";s:2:"wn";s:6:"wninfo";s:10:"zhaoshang_";s:7:"typefid";N;s:6:"cityId";N;s:5:"width";s:3:"250";s:6:"height";s:3:"187";s:8:"rolltype";s:10:"scrollLeft";s:8:"rolltime";s:1:"3";s:11:"roll_height";s:2:"50";s:11:"content_num";s:2:"80";s:7:"newhour";s:2:"24";s:7:"hothits";s:2:"30";s:7:"tplpath";s:0:"";s:6:"DivTpl";i:1;s:5:"fiddb";N;s:8:"moduleid";N;s:5:"stype";s:2:"cp";s:2:"yz";s:3:"all";s:10:"timeformat";s:11:"Y-m-d H:i:s";s:5:"order";s:10:"levelstime";s:3:"asc";s:4:"DESC";s:6:"levels";s:3:"all";s:7:"rowspan";s:1:"4";s:3:"sql";s:117:"SELECT * FROM qb_zhaoshang_content  WHERE city_id=\'$GLOBALS[city_id]\' AND ispic=1  ORDER BY levelstime DESC LIMIT 0,4";s:7:"colspan";s:1:"1";s:8:"titlenum";s:2:"30";s:10:"titleflood";s:1:"0";s:9:"start_num";s:1:"1";}', 'a:3:{s:5:"div_w";s:2:"50";s:5:"div_h";s:2:"30";s:11:"div_bgcolor";s:0:"";}', 0, 0, 1, 'admin', 0, 3, 36, 0, 0, 'blue');
INSERT INTO `qb_label` (`name`, `ch`, `chtype`, `tag`, `type`, `typesystem`, `code`, `divcode`, `hide`, `js_time`, `uid`, `username`, `posttime`, `pagetype`, `module`, `fid`, `if_js`, `style`) VALUES ('', 0, 0, 'zhaoshang_indexh10', 'code', 0, '合作商机', 'a:4:{s:9:"html_edit";N;s:5:"div_w";s:0:"";s:5:"div_h";s:0:"";s:11:"div_bgcolor";s:0:"";}', 0, 0, 1, 'admin', 0, 0, 36, 0, 0, 'blue');
INSERT INTO `qb_label` (`name`, `ch`, `chtype`, `tag`, `type`, `typesystem`, `code`, `divcode`, `hide`, `js_time`, `uid`, `username`, `posttime`, `pagetype`, `module`, `fid`, `if_js`, `style`) VALUES ('', 0, 0, 'zhaoshang_indexh11', 'code', 0, '政府招商', 'a:4:{s:9:"html_edit";N;s:5:"div_w";s:0:"";s:5:"div_h";s:0:"";s:11:"div_bgcolor";s:0:"";}', 0, 0, 1, 'admin', 0, 0, 36, 0, 0, 'blue');
INSERT INTO `qb_label` (`name`, `ch`, `chtype`, `tag`, `type`, `typesystem`, `code`, `divcode`, `hide`, `js_time`, `uid`, `username`, `posttime`, `pagetype`, `module`, `fid`, `if_js`, `style`) VALUES ('', 0, 0, 'zhaoshang_indexh12', 'code', 0, '企业招商', 'a:4:{s:9:"html_edit";N;s:5:"div_w";s:0:"";s:5:"div_h";s:0:"";s:11:"div_bgcolor";s:0:"";}', 0, 0, 1, 'admin', 0, 0, 36, 0, 0, 'blue');
INSERT INTO `qb_label` (`name`, `ch`, `chtype`, `tag`, `type`, `typesystem`, `code`, `divcode`, `hide`, `js_time`, `uid`, `username`, `posttime`, `pagetype`, `module`, `fid`, `if_js`, `style`) VALUES ('', 0, 0, 'zhaoshang_indexh13', 'code', 0, '政府招商', 'a:4:{s:9:"html_edit";N;s:5:"div_w";s:0:"";s:5:"div_h";s:0:"";s:11:"div_bgcolor";s:0:"";}', 0, 0, 1, 'admin', 0, 0, 36, 0, 0, 'blue');
INSERT INTO `qb_label` (`name`, `ch`, `chtype`, `tag`, `type`, `typesystem`, `code`, `divcode`, `hide`, `js_time`, `uid`, `username`, `posttime`, `pagetype`, `module`, `fid`, `if_js`, `style`) VALUES ('', 0, 0, 'zhaoshang_indexh14', 'code', 0, '企业招商', 'a:4:{s:9:"html_edit";N;s:5:"div_w";s:0:"";s:5:"div_h";s:0:"";s:11:"div_bgcolor";s:0:"";}', 0, 0, 1, 'admin', 0, 0, 36, 0, 0, 'blue');
INSERT INTO `qb_label` (`name`, `ch`, `chtype`, `tag`, `type`, `typesystem`, `code`, `divcode`, `hide`, `js_time`, `uid`, `username`, `posttime`, `pagetype`, `module`, `fid`, `if_js`, `style`) VALUES ('', 0, 0, 'zhaoshang_indexh2', 'code', 0, '热门招商', 'a:4:{s:9:"html_edit";N;s:5:"div_w";s:2:"50";s:5:"div_h";s:2:"21";s:11:"div_bgcolor";s:0:"";}', 0, 0, 1, 'admin', 1310091123, 0, 36, 0, 0, 'blue');
INSERT INTO `qb_label` (`name`, `ch`, `chtype`, `tag`, `type`, `typesystem`, `code`, `divcode`, `hide`, `js_time`, `uid`, `username`, `posttime`, `pagetype`, `module`, `fid`, `if_js`, `style`) VALUES ('', 0, 0, 'zhaoshang_indexh3', 'code', 0, '最新招商', 'a:4:{s:9:"html_edit";N;s:5:"div_w";s:2:"50";s:5:"div_h";s:2:"21";s:11:"div_bgcolor";s:0:"";}', 0, 0, 1, 'admin', 1310091133, 0, 36, 0, 0, 'blue');
INSERT INTO `qb_label` (`name`, `ch`, `chtype`, `tag`, `type`, `typesystem`, `code`, `divcode`, `hide`, `js_time`, `uid`, `username`, `posttime`, `pagetype`, `module`, `fid`, `if_js`, `style`) VALUES ('', 0, 0, 'zhaoshang_indexh4', 'code', 0, '招商分类', 'a:4:{s:9:"html_edit";N;s:5:"div_w";s:0:"";s:5:"div_h";s:0:"";s:11:"div_bgcolor";s:0:"";}', 0, 0, 1, 'admin', 0, 0, 36, 0, 0, 'blue');
INSERT INTO `qb_label` (`name`, `ch`, `chtype`, `tag`, `type`, `typesystem`, `code`, `divcode`, `hide`, `js_time`, `uid`, `username`, `posttime`, `pagetype`, `module`, `fid`, `if_js`, `style`) VALUES ('', 0, 0, 'zhaoshang_indexh5', 'code', 0, '<span class="tag">推荐招商品牌</span><span class="more">在此展示3600元/年</span>', 'a:4:{s:9:"html_edit";N;s:5:"div_w";s:0:"";s:5:"div_h";s:0:"";s:11:"div_bgcolor";s:0:"";}', 0, 0, 1, 'admin', 0, 0, 36, 0, 0, 'blue');
INSERT INTO `qb_label` (`name`, `ch`, `chtype`, `tag`, `type`, `typesystem`, `code`, `divcode`, `hide`, `js_time`, `uid`, `username`, `posttime`, `pagetype`, `module`, `fid`, `if_js`, `style`) VALUES ('', 0, 0, 'zhaoshang_indexh6', 'code', 0, '政府招商', 'a:4:{s:9:"html_edit";N;s:5:"div_w";s:0:"";s:5:"div_h";s:0:"";s:11:"div_bgcolor";s:0:"";}', 0, 0, 1, 'admin', 0, 0, 36, 0, 0, 'blue');
INSERT INTO `qb_label` (`name`, `ch`, `chtype`, `tag`, `type`, `typesystem`, `code`, `divcode`, `hide`, `js_time`, `uid`, `username`, `posttime`, `pagetype`, `module`, `fid`, `if_js`, `style`) VALUES ('', 0, 0, 'zhaoshang_indexh7', 'code', 0, '企业招商', 'a:4:{s:9:"html_edit";N;s:5:"div_w";s:0:"";s:5:"div_h";s:0:"";s:11:"div_bgcolor";s:0:"";}', 0, 0, 1, 'admin', 0, 0, 36, 0, 0, 'blue');
INSERT INTO `qb_label` (`name`, `ch`, `chtype`, `tag`, `type`, `typesystem`, `code`, `divcode`, `hide`, `js_time`, `uid`, `username`, `posttime`, `pagetype`, `module`, `fid`, `if_js`, `style`) VALUES ('', 0, 0, 'zhaoshang_indexh8', 'code', 0, '招商项目排行榜', 'a:4:{s:9:"html_edit";N;s:5:"div_w";s:0:"";s:5:"div_h";s:0:"";s:11:"div_bgcolor";s:0:"";}', 0, 0, 1, 'admin', 0, 0, 36, 0, 0, 'blue');
INSERT INTO `qb_label` (`name`, `ch`, `chtype`, `tag`, `type`, `typesystem`, `code`, `divcode`, `hide`, `js_time`, `uid`, `username`, `posttime`, `pagetype`, `module`, `fid`, `if_js`, `style`) VALUES ('', 0, 0, 'zhaoshang_indexh9', 'code', 0, '推荐招商公司', 'a:4:{s:9:"html_edit";N;s:5:"div_w";s:0:"";s:5:"div_h";s:0:"";s:11:"div_bgcolor";s:0:"";}', 0, 0, 1, 'admin', 0, 0, 36, 0, 0, 'blue');
INSERT INTO `qb_label` (`name`, `ch`, `chtype`, `tag`, `type`, `typesystem`, `code`, `divcode`, `hide`, `js_time`, `uid`, `username`, `posttime`, `pagetype`, `module`, `fid`, `if_js`, `style`) VALUES ('', 0, 0, 'zhaoshang_indext1', 'code', 0, '<a href="../do/reg.php">招商频道注册</a>', 'a:4:{s:9:"html_edit";N;s:5:"div_w";s:2:"50";s:5:"div_h";s:2:"21";s:11:"div_bgcolor";s:0:"";}', 0, 0, 1, 'admin', 1310096940, 0, 36, 0, 0, 'blue');
INSERT INTO `qb_label` (`name`, `ch`, `chtype`, `tag`, `type`, `typesystem`, `code`, `divcode`, `hide`, `js_time`, `uid`, `username`, `posttime`, `pagetype`, `module`, `fid`, `if_js`, `style`) VALUES ('', 0, 0, 'zhaoshang_indext10', 'Info_zhaoshang_', 1, 'a:30:{s:13:"tplpart_1code";s:92:"<div class="lista list$i"><A HREF="$url" target=\'_blank\'>$title</a> <span>$hits</span></div>";s:13:"tplpart_2code";s:0:"";s:3:"SYS";s:2:"wn";s:6:"wninfo";s:10:"zhaoshang_";s:7:"typefid";N;s:6:"cityId";N;s:5:"width";s:3:"250";s:6:"height";s:3:"187";s:8:"rolltype";s:10:"scrollLeft";s:8:"rolltime";s:1:"3";s:11:"roll_height";s:2:"50";s:11:"content_num";s:2:"80";s:7:"newhour";s:2:"24";s:7:"hothits";s:2:"30";s:7:"tplpath";s:0:"";s:6:"DivTpl";i:1;s:5:"fiddb";N;s:8:"moduleid";N;s:5:"stype";s:1:"4";s:2:"yz";s:3:"all";s:10:"timeformat";s:11:"Y-m-d H:i:s";s:5:"order";s:4:"hits";s:3:"asc";s:4:"DESC";s:6:"levels";s:3:"all";s:7:"rowspan";s:1:"5";s:3:"sql";s:99:"SELECT * FROM qb_zhaoshang_content  WHERE city_id=\'$GLOBALS[city_id]\'  ORDER BY hits DESC LIMIT 0,5";s:7:"colspan";s:1:"1";s:8:"titlenum";s:2:"30";s:10:"titleflood";s:1:"0";s:9:"start_num";s:1:"1";}', 'a:3:{s:5:"div_w";s:2:"50";s:5:"div_h";s:2:"30";s:11:"div_bgcolor";s:0:"";}', 0, 0, 1, 'admin', 1309508450, 0, 36, 0, 0, 'blue');
INSERT INTO `qb_label` (`name`, `ch`, `chtype`, `tag`, `type`, `typesystem`, `code`, `divcode`, `hide`, `js_time`, `uid`, `username`, `posttime`, `pagetype`, `module`, `fid`, `if_js`, `style`) VALUES ('', 0, 0, 'zhaoshang_indext11', 'Info_zhaoshang_', 1, 'a:30:{s:13:"tplpart_1code";s:193:"<dl> \r\n<dt><a href="$url" target="_blank"><img src="$picurl" width="80"/></a></dt>\r\n<dd>\r\n<div><A HREF="$url" title=\'$full_title\' target="_blank">$title</A></div>\r\n<p>$content</p>\r\n</dd>\r\n</dl>";s:13:"tplpart_2code";s:0:"";s:3:"SYS";s:2:"wn";s:6:"wninfo";s:10:"zhaoshang_";s:7:"typefid";N;s:6:"cityId";N;s:5:"width";s:3:"250";s:6:"height";s:3:"187";s:8:"rolltype";s:10:"scrollLeft";s:8:"rolltime";s:1:"3";s:11:"roll_height";s:2:"50";s:11:"content_num";s:2:"60";s:7:"newhour";s:2:"24";s:7:"hothits";s:2:"30";s:7:"tplpath";s:0:"";s:6:"DivTpl";i:1;s:5:"fiddb";N;s:8:"moduleid";N;s:5:"stype";s:2:"cp";s:2:"yz";s:3:"all";s:10:"timeformat";s:11:"Y-m-d H:i:s";s:5:"order";s:4:"list";s:3:"asc";s:4:"DESC";s:6:"levels";s:3:"all";s:7:"rowspan";s:1:"3";s:3:"sql";s:111:"SELECT * FROM qb_zhaoshang_content  WHERE city_id=\'$GLOBALS[city_id]\' AND ispic=1  ORDER BY list DESC LIMIT 0,3";s:7:"colspan";s:1:"1";s:8:"titlenum";s:2:"20";s:10:"titleflood";s:1:"0";s:9:"start_num";s:1:"1";}', 'a:3:{s:5:"div_w";s:2:"50";s:5:"div_h";s:2:"30";s:11:"div_bgcolor";s:0:"";}', 0, 0, 1, 'admin', 1309508348, 0, 36, 0, 0, 'blue');
INSERT INTO `qb_label` (`name`, `ch`, `chtype`, `tag`, `type`, `typesystem`, `code`, `divcode`, `hide`, `js_time`, `uid`, `username`, `posttime`, `pagetype`, `module`, `fid`, `if_js`, `style`) VALUES ('', 0, 0, 'zhaoshang_indext12', 'Info_zhaoshang_', 1, 'a:30:{s:13:"tplpart_1code";s:170:"<div class="listb"><A HREF="{$list_url}" target=\'_blank\' class="f">[{$fname}]</a><A HREF="$url" target=\'_blank\'>$title</a><span>{$time_Y}-{$time_m}-{$time_d}</span></div>";s:13:"tplpart_2code";s:0:"";s:3:"SYS";s:2:"wn";s:6:"wninfo";s:10:"zhaoshang_";s:7:"typefid";N;s:6:"cityId";N;s:5:"width";s:3:"250";s:6:"height";s:3:"187";s:8:"rolltype";s:10:"scrollLeft";s:8:"rolltime";s:1:"3";s:11:"roll_height";s:2:"50";s:11:"content_num";s:2:"80";s:7:"newhour";s:2:"24";s:7:"hothits";s:2:"30";s:7:"tplpath";s:0:"";s:6:"DivTpl";i:1;s:5:"fiddb";N;s:8:"moduleid";N;s:5:"stype";s:1:"4";s:2:"yz";s:3:"all";s:10:"timeformat";s:11:"Y-m-d H:i:s";s:5:"order";s:4:"list";s:3:"asc";s:4:"DESC";s:6:"levels";s:3:"all";s:7:"rowspan";s:2:"10";s:3:"sql";s:100:"SELECT * FROM qb_zhaoshang_content  WHERE city_id=\'$GLOBALS[city_id]\'  ORDER BY list DESC LIMIT 0,10";s:7:"colspan";s:1:"1";s:8:"titlenum";s:2:"32";s:10:"titleflood";s:1:"0";s:9:"start_num";s:1:"1";}', 'a:3:{s:5:"div_w";s:2:"50";s:5:"div_h";s:2:"30";s:11:"div_bgcolor";s:0:"";}', 0, 0, 1, 'admin', 1309510588, 0, 36, 0, 0, 'blue');
INSERT INTO `qb_label` (`name`, `ch`, `chtype`, `tag`, `type`, `typesystem`, `code`, `divcode`, `hide`, `js_time`, `uid`, `username`, `posttime`, `pagetype`, `module`, `fid`, `if_js`, `style`) VALUES ('', 0, 0, 'zhaoshang_indext13', 'Info_zhaoshang_', 1, 'a:30:{s:13:"tplpart_1code";s:65:"<div class="list"><A HREF="$url" target=\'_blank\'>$title</a></div>";s:13:"tplpart_2code";s:0:"";s:3:"SYS";s:2:"wn";s:6:"wninfo";s:10:"zhaoshang_";s:7:"typefid";N;s:6:"cityId";N;s:5:"width";s:3:"250";s:6:"height";s:3:"187";s:8:"rolltype";s:10:"scrollLeft";s:8:"rolltime";s:1:"3";s:11:"roll_height";s:2:"50";s:11:"content_num";s:2:"80";s:7:"newhour";s:2:"24";s:7:"hothits";s:2:"30";s:7:"tplpath";s:0:"";s:6:"DivTpl";i:1;s:5:"fiddb";N;s:8:"moduleid";N;s:5:"stype";s:1:"4";s:2:"yz";s:3:"all";s:10:"timeformat";s:11:"Y-m-d H:i:s";s:5:"order";s:4:"list";s:3:"asc";s:4:"DESC";s:6:"levels";s:3:"all";s:7:"rowspan";s:1:"8";s:3:"sql";s:99:"SELECT * FROM qb_zhaoshang_content  WHERE city_id=\'$GLOBALS[city_id]\'  ORDER BY list DESC LIMIT 0,8";s:7:"colspan";s:1:"1";s:8:"titlenum";s:2:"50";s:10:"titleflood";s:1:"0";s:9:"start_num";s:1:"1";}', 'a:3:{s:5:"div_w";s:2:"50";s:5:"div_h";s:2:"30";s:11:"div_bgcolor";s:0:"";}', 0, 0, 1, 'admin', 1309512000, 0, 36, 0, 0, 'blue');
INSERT INTO `qb_label` (`name`, `ch`, `chtype`, `tag`, `type`, `typesystem`, `code`, `divcode`, `hide`, `js_time`, `uid`, `username`, `posttime`, `pagetype`, `module`, `fid`, `if_js`, `style`) VALUES ('', 0, 0, 'zhaoshang_indext14', 'Info_zhaoshang_', 1, 'a:30:{s:13:"tplpart_1code";s:65:"<div class="list"><A HREF="$url" target=\'_blank\'>$title</a></div>";s:13:"tplpart_2code";s:0:"";s:3:"SYS";s:2:"wn";s:6:"wninfo";s:10:"zhaoshang_";s:7:"typefid";N;s:6:"cityId";N;s:5:"width";s:3:"250";s:6:"height";s:3:"187";s:8:"rolltype";s:10:"scrollLeft";s:8:"rolltime";s:1:"3";s:11:"roll_height";s:2:"50";s:11:"content_num";s:2:"80";s:7:"newhour";s:2:"24";s:7:"hothits";s:2:"30";s:7:"tplpath";s:0:"";s:6:"DivTpl";i:1;s:5:"fiddb";N;s:8:"moduleid";N;s:5:"stype";s:1:"4";s:2:"yz";s:3:"all";s:10:"timeformat";s:11:"Y-m-d H:i:s";s:5:"order";s:4:"hits";s:3:"asc";s:4:"DESC";s:6:"levels";s:3:"all";s:7:"rowspan";s:1:"8";s:3:"sql";s:99:"SELECT * FROM qb_zhaoshang_content  WHERE city_id=\'$GLOBALS[city_id]\'  ORDER BY hits DESC LIMIT 0,8";s:7:"colspan";s:1:"1";s:8:"titlenum";s:2:"50";s:10:"titleflood";s:1:"0";s:9:"start_num";s:1:"1";}', 'a:3:{s:5:"div_w";s:2:"50";s:5:"div_h";s:2:"30";s:11:"div_bgcolor";s:0:"";}', 0, 0, 1, 'admin', 1309512020, 0, 36, 0, 0, 'blue');
INSERT INTO `qb_label` (`name`, `ch`, `chtype`, `tag`, `type`, `typesystem`, `code`, `divcode`, `hide`, `js_time`, `uid`, `username`, `posttime`, `pagetype`, `module`, `fid`, `if_js`, `style`) VALUES ('', 0, 0, 'zhaoshang_indext15', 'Info_zhaoshang_', 1, 'a:30:{s:13:"tplpart_1code";s:194:"<dl> \r\n<dt><a href="$url" target="_blank"><img src="$picurl" width="100"/></a></dt>\r\n<dd>\r\n<div><A HREF="$url" title=\'$full_title\' target="_blank">$title</A></div>\r\n<p>$content</p>\r\n</dd>\r\n</dl>";s:13:"tplpart_2code";s:0:"";s:3:"SYS";s:2:"wn";s:6:"wninfo";s:10:"zhaoshang_";s:7:"typefid";N;s:6:"cityId";N;s:5:"width";s:3:"250";s:6:"height";s:3:"187";s:8:"rolltype";s:10:"scrollLeft";s:8:"rolltime";s:1:"3";s:11:"roll_height";s:2:"50";s:11:"content_num";s:2:"80";s:7:"newhour";s:2:"24";s:7:"hothits";s:2:"30";s:7:"tplpath";s:33:"/common_pic/title_pic_content.jpg";s:6:"DivTpl";i:1;s:5:"fiddb";N;s:8:"moduleid";N;s:5:"stype";s:2:"cp";s:2:"yz";s:3:"all";s:10:"timeformat";s:11:"Y-m-d H:i:s";s:5:"order";s:4:"list";s:3:"asc";s:4:"DESC";s:6:"levels";s:3:"all";s:7:"rowspan";s:1:"1";s:3:"sql";s:111:"SELECT * FROM qb_zhaoshang_content  WHERE city_id=\'$GLOBALS[city_id]\' AND ispic=1  ORDER BY list DESC LIMIT 0,1";s:7:"colspan";s:1:"1";s:8:"titlenum";s:2:"30";s:10:"titleflood";s:1:"0";s:9:"start_num";s:1:"1";}', 'a:3:{s:5:"div_w";s:2:"50";s:5:"div_h";s:2:"30";s:11:"div_bgcolor";s:0:"";}', 0, 0, 1, 'admin', 1309511057, 0, 36, 0, 0, 'blue');
INSERT INTO `qb_label` (`name`, `ch`, `chtype`, `tag`, `type`, `typesystem`, `code`, `divcode`, `hide`, `js_time`, `uid`, `username`, `posttime`, `pagetype`, `module`, `fid`, `if_js`, `style`) VALUES ('', 0, 0, 'zhaoshang_indext16', 'Info_zhaoshang_', 1, 'a:30:{s:13:"tplpart_1code";s:66:"<div class="listc"><A HREF="$url" target=\'_blank\'>$title</a></div>";s:13:"tplpart_2code";s:0:"";s:3:"SYS";s:2:"wn";s:6:"wninfo";s:10:"zhaoshang_";s:7:"typefid";N;s:6:"cityId";N;s:5:"width";s:3:"250";s:6:"height";s:3:"187";s:8:"rolltype";s:10:"scrollLeft";s:8:"rolltime";s:1:"3";s:11:"roll_height";s:2:"50";s:11:"content_num";s:2:"80";s:7:"newhour";s:2:"24";s:7:"hothits";s:2:"30";s:7:"tplpath";s:0:"";s:6:"DivTpl";i:1;s:5:"fiddb";N;s:8:"moduleid";N;s:5:"stype";s:1:"4";s:2:"yz";s:3:"all";s:10:"timeformat";s:11:"Y-m-d H:i:s";s:5:"order";s:4:"list";s:3:"asc";s:4:"DESC";s:6:"levels";s:3:"all";s:7:"rowspan";s:1:"4";s:3:"sql";s:99:"SELECT * FROM qb_zhaoshang_content  WHERE city_id=\'$GLOBALS[city_id]\'  ORDER BY list DESC LIMIT 1,4";s:7:"colspan";s:1:"1";s:8:"titlenum";s:2:"50";s:10:"titleflood";s:1:"0";s:9:"start_num";s:1:"2";}', 'a:3:{s:5:"div_w";s:2:"50";s:5:"div_h";s:2:"30";s:11:"div_bgcolor";s:0:"";}', 0, 0, 1, 'admin', 1309511956, 0, 36, 0, 0, 'blue');
INSERT INTO `qb_label` (`name`, `ch`, `chtype`, `tag`, `type`, `typesystem`, `code`, `divcode`, `hide`, `js_time`, `uid`, `username`, `posttime`, `pagetype`, `module`, `fid`, `if_js`, `style`) VALUES ('', 0, 0, 'zhaoshang_indext17', 'Info_zhaoshang_', 1, 'a:30:{s:13:"tplpart_1code";s:194:"<dl> \r\n<dt><a href="$url" target="_blank"><img src="$picurl" width="100"/></a></dt>\r\n<dd>\r\n<div><A HREF="$url" title=\'$full_title\' target="_blank">$title</A></div>\r\n<p>$content</p>\r\n</dd>\r\n</dl>";s:13:"tplpart_2code";s:0:"";s:3:"SYS";s:2:"wn";s:6:"wninfo";s:10:"zhaoshang_";s:7:"typefid";N;s:6:"cityId";N;s:5:"width";s:3:"250";s:6:"height";s:3:"187";s:8:"rolltype";s:10:"scrollLeft";s:8:"rolltime";s:1:"3";s:11:"roll_height";s:2:"50";s:11:"content_num";s:2:"80";s:7:"newhour";s:2:"24";s:7:"hothits";s:2:"30";s:7:"tplpath";s:0:"";s:6:"DivTpl";i:1;s:5:"fiddb";N;s:8:"moduleid";N;s:5:"stype";s:2:"cp";s:2:"yz";s:3:"all";s:10:"timeformat";s:11:"Y-m-d H:i:s";s:5:"order";s:10:"levelstime";s:3:"asc";s:4:"DESC";s:6:"levels";s:3:"all";s:7:"rowspan";s:1:"1";s:3:"sql";s:117:"SELECT * FROM qb_zhaoshang_content  WHERE city_id=\'$GLOBALS[city_id]\' AND ispic=1  ORDER BY levelstime DESC LIMIT 0,1";s:7:"colspan";s:1:"1";s:8:"titlenum";s:2:"30";s:10:"titleflood";s:1:"0";s:9:"start_num";s:1:"1";}', 'a:3:{s:5:"div_w";s:2:"50";s:5:"div_h";s:2:"30";s:11:"div_bgcolor";s:0:"";}', 0, 0, 1, 'admin', 1309511831, 0, 36, 0, 0, 'blue');
INSERT INTO `qb_label` (`name`, `ch`, `chtype`, `tag`, `type`, `typesystem`, `code`, `divcode`, `hide`, `js_time`, `uid`, `username`, `posttime`, `pagetype`, `module`, `fid`, `if_js`, `style`) VALUES ('', 0, 0, 'zhaoshang_indext18', 'Info_zhaoshang_', 1, 'a:30:{s:13:"tplpart_1code";s:66:"<div class="listc"><A HREF="$url" target=\'_blank\'>$title</a></div>";s:13:"tplpart_2code";s:0:"";s:3:"SYS";s:2:"wn";s:6:"wninfo";s:10:"zhaoshang_";s:7:"typefid";N;s:6:"cityId";N;s:5:"width";s:3:"250";s:6:"height";s:3:"187";s:8:"rolltype";s:10:"scrollLeft";s:8:"rolltime";s:1:"3";s:11:"roll_height";s:2:"50";s:11:"content_num";s:2:"80";s:7:"newhour";s:2:"24";s:7:"hothits";s:2:"30";s:7:"tplpath";s:0:"";s:6:"DivTpl";i:1;s:5:"fiddb";N;s:8:"moduleid";N;s:5:"stype";s:1:"4";s:2:"yz";s:3:"all";s:10:"timeformat";s:11:"Y-m-d H:i:s";s:5:"order";s:10:"levelstime";s:3:"asc";s:4:"DESC";s:6:"levels";s:3:"all";s:7:"rowspan";s:1:"4";s:3:"sql";s:105:"SELECT * FROM qb_zhaoshang_content  WHERE city_id=\'$GLOBALS[city_id]\'  ORDER BY levelstime DESC LIMIT 1,4";s:7:"colspan";s:1:"1";s:8:"titlenum";s:2:"50";s:10:"titleflood";s:1:"0";s:9:"start_num";s:1:"2";}', 'a:3:{s:5:"div_w";s:2:"50";s:5:"div_h";s:2:"30";s:11:"div_bgcolor";s:0:"";}', 0, 0, 1, 'admin', 1309511971, 0, 36, 0, 0, 'blue');
INSERT INTO `qb_label` (`name`, `ch`, `chtype`, `tag`, `type`, `typesystem`, `code`, `divcode`, `hide`, `js_time`, `uid`, `username`, `posttime`, `pagetype`, `module`, `fid`, `if_js`, `style`) VALUES ('', 0, 0, 'zhaoshang_indext2', 'code', 0, '<a href="../do/login.php">招商频道登录</a>', 'a:4:{s:9:"html_edit";N;s:5:"div_w";s:2:"50";s:5:"div_h";s:2:"21";s:11:"div_bgcolor";s:0:"";}', 0, 0, 1, 'admin', 1310096958, 0, 36, 0, 0, 'blue');
INSERT INTO `qb_label` (`name`, `ch`, `chtype`, `tag`, `type`, `typesystem`, `code`, `divcode`, `hide`, `js_time`, `uid`, `username`, `posttime`, `pagetype`, `module`, `fid`, `if_js`, `style`) VALUES ('', 0, 0, 'zhaoshang_indext3', 'code', 0, '<div><a href="member/post_choose.php">免费发布招商信息</a></div>\r\n                <div><a href="list.php?fid=1">招商品牌推广</a></div>\r\n                <div><a href="list.php?fid=2">招商成功故事</a></div>', 'a:4:{s:9:"html_edit";N;s:5:"div_w";s:2:"80";s:5:"div_h";s:2:"61";s:11:"div_bgcolor";s:0:"";}', 0, 0, 1, 'admin', 1310096599, 0, 36, 0, 0, 'blue');
INSERT INTO `qb_label` (`name`, `ch`, `chtype`, `tag`, `type`, `typesystem`, `code`, `divcode`, `hide`, `js_time`, `uid`, `username`, `posttime`, `pagetype`, `module`, `fid`, `if_js`, `style`) VALUES ('', 0, 0, 'zhaoshang_indext4', 'Info_zhaoshang_', 1, 'a:30:{s:13:"tplpart_1code";s:195:"<dl> \r\n<dt><a href="$url" target="_blank"><img src="$picurl" width="80"/></a></dt>\r\n<dd>\r\n<div><A HREF="$url" title=\'$full_title\' target="_blank">$title</A></div>\r\n<p>$content</p>\r\n</dd>\r\n</dl>\r\n";s:13:"tplpart_2code";s:0:"";s:3:"SYS";s:2:"wn";s:6:"wninfo";s:10:"zhaoshang_";s:7:"typefid";N;s:6:"cityId";N;s:5:"width";s:3:"250";s:6:"height";s:3:"187";s:8:"rolltype";s:10:"scrollLeft";s:8:"rolltime";s:1:"3";s:11:"roll_height";s:2:"50";s:11:"content_num";s:2:"60";s:7:"newhour";s:2:"24";s:7:"hothits";s:2:"30";s:7:"tplpath";s:29:"/common_content/content_1.jpg";s:6:"DivTpl";i:1;s:5:"fiddb";N;s:8:"moduleid";N;s:5:"stype";s:2:"cp";s:2:"yz";s:3:"all";s:10:"timeformat";s:11:"Y-m-d H:i:s";s:5:"order";s:4:"hits";s:3:"asc";s:4:"DESC";s:6:"levels";s:3:"all";s:7:"rowspan";s:1:"2";s:3:"sql";s:111:"SELECT * FROM qb_zhaoshang_content  WHERE city_id=\'$GLOBALS[city_id]\' AND ispic=1  ORDER BY hits DESC LIMIT 0,2";s:7:"colspan";s:1:"1";s:8:"titlenum";s:2:"20";s:10:"titleflood";s:1:"0";s:9:"start_num";s:1:"1";}', 'a:3:{s:5:"div_w";s:2:"50";s:5:"div_h";s:2:"30";s:11:"div_bgcolor";s:0:"";}', 0, 0, 1, 'admin', 1309489250, 0, 36, 0, 0, 'blue');
INSERT INTO `qb_label` (`name`, `ch`, `chtype`, `tag`, `type`, `typesystem`, `code`, `divcode`, `hide`, `js_time`, `uid`, `username`, `posttime`, `pagetype`, `module`, `fid`, `if_js`, `style`) VALUES ('', 0, 0, 'zhaoshang_indext5', 'Info_zhaoshang_', 1, 'a:30:{s:13:"tplpart_1code";s:65:"<div class="list"><A HREF="$url" target=\'_blank\'>$title</a></div>";s:13:"tplpart_2code";s:0:"";s:3:"SYS";s:2:"wn";s:6:"wninfo";s:10:"zhaoshang_";s:7:"typefid";N;s:6:"cityId";N;s:5:"width";s:3:"250";s:6:"height";s:3:"187";s:8:"rolltype";s:10:"scrollLeft";s:8:"rolltime";s:1:"3";s:11:"roll_height";s:2:"50";s:11:"content_num";s:2:"80";s:7:"newhour";s:2:"24";s:7:"hothits";s:2:"30";s:7:"tplpath";s:24:"/common_title/0title.jpg";s:6:"DivTpl";i:1;s:5:"fiddb";N;s:8:"moduleid";N;s:5:"stype";s:1:"t";s:2:"yz";s:3:"all";s:10:"timeformat";s:11:"Y-m-d H:i:s";s:5:"order";s:4:"hits";s:3:"asc";s:4:"DESC";s:6:"levels";s:3:"all";s:7:"rowspan";s:1:"2";s:3:"sql";s:99:"SELECT * FROM qb_zhaoshang_content  WHERE city_id=\'$GLOBALS[city_id]\'  ORDER BY hits DESC LIMIT 2,2";s:7:"colspan";s:1:"1";s:8:"titlenum";s:2:"40";s:10:"titleflood";s:1:"0";s:9:"start_num";s:1:"3";}', 'a:3:{s:5:"div_w";s:2:"50";s:5:"div_h";s:2:"30";s:11:"div_bgcolor";s:0:"";}', 0, 0, 1, 'admin', 0, 0, 36, 0, 0, 'blue');
INSERT INTO `qb_label` (`name`, `ch`, `chtype`, `tag`, `type`, `typesystem`, `code`, `divcode`, `hide`, `js_time`, `uid`, `username`, `posttime`, `pagetype`, `module`, `fid`, `if_js`, `style`) VALUES ('', 0, 0, 'zhaoshang_indext6', 'Info_zhaoshang_', 1, 'a:30:{s:13:"tplpart_1code";s:193:"<dl> \r\n<dt><a href="$url" target="_blank"><img src="$picurl" width="80"/></a></dt>\r\n<dd>\r\n<div><A HREF="$url" title=\'$full_title\' target="_blank">$title</A></div>\r\n<p>$content</p>\r\n</dd>\r\n</dl>";s:13:"tplpart_2code";s:0:"";s:3:"SYS";s:2:"wn";s:6:"wninfo";s:10:"zhaoshang_";s:7:"typefid";N;s:6:"cityId";N;s:5:"width";s:3:"250";s:6:"height";s:3:"187";s:8:"rolltype";s:10:"scrollLeft";s:8:"rolltime";s:1:"3";s:11:"roll_height";s:2:"50";s:11:"content_num";s:2:"60";s:7:"newhour";s:2:"24";s:7:"hothits";s:2:"30";s:7:"tplpath";s:29:"/common_content/content_1.jpg";s:6:"DivTpl";i:1;s:5:"fiddb";N;s:8:"moduleid";N;s:5:"stype";s:2:"cp";s:2:"yz";s:3:"all";s:10:"timeformat";s:11:"Y-m-d H:i:s";s:5:"order";s:4:"list";s:3:"asc";s:4:"DESC";s:6:"levels";s:3:"all";s:7:"rowspan";s:1:"2";s:3:"sql";s:111:"SELECT * FROM qb_zhaoshang_content  WHERE city_id=\'$GLOBALS[city_id]\' AND ispic=1  ORDER BY list DESC LIMIT 0,2";s:7:"colspan";s:1:"1";s:8:"titlenum";s:2:"20";s:10:"titleflood";s:1:"0";s:9:"start_num";s:1:"1";}', 'a:3:{s:5:"div_w";s:2:"50";s:5:"div_h";s:2:"30";s:11:"div_bgcolor";s:0:"";}', 0, 0, 1, 'admin', 0, 0, 36, 0, 0, 'blue');
INSERT INTO `qb_label` (`name`, `ch`, `chtype`, `tag`, `type`, `typesystem`, `code`, `divcode`, `hide`, `js_time`, `uid`, `username`, `posttime`, `pagetype`, `module`, `fid`, `if_js`, `style`) VALUES ('', 0, 0, 'zhaoshang_indext7', 'Info_zhaoshang_', 1, 'a:30:{s:13:"tplpart_1code";s:65:"<div class="list"><A HREF="$url" target=\'_blank\'>$title</a></div>";s:13:"tplpart_2code";s:0:"";s:3:"SYS";s:2:"wn";s:6:"wninfo";s:10:"zhaoshang_";s:7:"typefid";N;s:6:"cityId";N;s:5:"width";s:3:"250";s:6:"height";s:3:"187";s:8:"rolltype";s:10:"scrollLeft";s:8:"rolltime";s:1:"3";s:11:"roll_height";s:2:"50";s:11:"content_num";s:2:"80";s:7:"newhour";s:2:"24";s:7:"hothits";s:2:"30";s:7:"tplpath";s:0:"";s:6:"DivTpl";i:1;s:5:"fiddb";N;s:8:"moduleid";N;s:5:"stype";s:1:"4";s:2:"yz";s:3:"all";s:10:"timeformat";s:11:"Y-m-d H:i:s";s:5:"order";s:4:"list";s:3:"asc";s:4:"DESC";s:6:"levels";s:3:"all";s:7:"rowspan";s:1:"2";s:3:"sql";s:99:"SELECT * FROM qb_zhaoshang_content  WHERE city_id=\'$GLOBALS[city_id]\'  ORDER BY list DESC LIMIT 2,2";s:7:"colspan";s:1:"1";s:8:"titlenum";s:2:"40";s:10:"titleflood";s:1:"0";s:9:"start_num";s:1:"3";}', 'a:3:{s:5:"div_w";s:2:"50";s:5:"div_h";s:2:"30";s:11:"div_bgcolor";s:0:"";}', 0, 0, 1, 'admin', 0, 0, 36, 0, 0, 'blue');
INSERT INTO `qb_label` (`name`, `ch`, `chtype`, `tag`, `type`, `typesystem`, `code`, `divcode`, `hide`, `js_time`, `uid`, `username`, `posttime`, `pagetype`, `module`, `fid`, `if_js`, `style`) VALUES ('', 0, 0, 'zhaoshang_indext8', 'Info_zhaoshang_', 1, 'a:30:{s:13:"tplpart_1code";s:65:"<div class="list"><A HREF="$url" target=\'_blank\'>$title</a></div>";s:13:"tplpart_2code";s:0:"";s:3:"SYS";s:2:"wn";s:6:"wninfo";s:10:"zhaoshang_";s:7:"typefid";N;s:6:"cityId";N;s:5:"width";s:3:"250";s:6:"height";s:3:"187";s:8:"rolltype";s:10:"scrollLeft";s:8:"rolltime";s:1:"3";s:11:"roll_height";s:2:"50";s:11:"content_num";s:2:"80";s:7:"newhour";s:2:"24";s:7:"hothits";s:2:"30";s:7:"tplpath";s:24:"/common_title/0title.jpg";s:6:"DivTpl";i:1;s:5:"fiddb";N;s:8:"moduleid";N;s:5:"stype";s:1:"t";s:2:"yz";s:3:"all";s:10:"timeformat";s:11:"Y-m-d H:i:s";s:5:"order";s:4:"list";s:3:"asc";s:4:"DESC";s:6:"levels";s:3:"all";s:7:"rowspan";s:1:"8";s:3:"sql";s:99:"SELECT * FROM qb_zhaoshang_content  WHERE city_id=\'$GLOBALS[city_id]\'  ORDER BY list DESC LIMIT 0,8";s:7:"colspan";s:1:"1";s:8:"titlenum";s:2:"50";s:10:"titleflood";s:1:"0";s:9:"start_num";s:1:"1";}', 'a:3:{s:5:"div_w";s:2:"50";s:5:"div_h";s:2:"30";s:11:"div_bgcolor";s:0:"";}', 0, 0, 1, 'admin', 1310096755, 0, 36, 0, 0, 'blue');
INSERT INTO `qb_label` (`name`, `ch`, `chtype`, `tag`, `type`, `typesystem`, `code`, `divcode`, `hide`, `js_time`, `uid`, `username`, `posttime`, `pagetype`, `module`, `fid`, `if_js`, `style`) VALUES ('', 0, 0, 'zhaoshang_indext9', 'Info_zhaoshang_', 1, 'a:30:{s:13:"tplpart_1code";s:65:"<div class="list"><A HREF="$url" target=\'_blank\'>$title</a></div>";s:13:"tplpart_2code";s:0:"";s:3:"SYS";s:2:"wn";s:6:"wninfo";s:10:"zhaoshang_";s:7:"typefid";N;s:6:"cityId";N;s:5:"width";s:3:"250";s:6:"height";s:3:"187";s:8:"rolltype";s:10:"scrollLeft";s:8:"rolltime";s:1:"3";s:11:"roll_height";s:2:"50";s:11:"content_num";s:2:"80";s:7:"newhour";s:2:"24";s:7:"hothits";s:2:"30";s:7:"tplpath";s:0:"";s:6:"DivTpl";i:1;s:5:"fiddb";N;s:8:"moduleid";N;s:5:"stype";s:1:"4";s:2:"yz";s:3:"all";s:10:"timeformat";s:11:"Y-m-d H:i:s";s:5:"order";s:4:"hits";s:3:"asc";s:4:"DESC";s:6:"levels";s:3:"all";s:7:"rowspan";s:1:"8";s:3:"sql";s:99:"SELECT * FROM qb_zhaoshang_content  WHERE city_id=\'$GLOBALS[city_id]\'  ORDER BY hits DESC LIMIT 0,8";s:7:"colspan";s:1:"1";s:8:"titlenum";s:2:"50";s:10:"titleflood";s:1:"0";s:9:"start_num";s:1:"1";}', 'a:3:{s:5:"div_w";s:2:"50";s:5:"div_h";s:2:"30";s:11:"div_bgcolor";s:0:"";}', 0, 0, 1, 'admin', 1309512047, 0, 36, 0, 0, 'blue');
INSERT INTO `qb_label` (`name`, `ch`, `chtype`, `tag`, `type`, `typesystem`, `code`, `divcode`, `hide`, `js_time`, `uid`, `username`, `posttime`, `pagetype`, `module`, `fid`, `if_js`, `style`) VALUES ('', 0, 0, 'zhaoshang_listrad1', 'pic', 0, 'a:4:{s:6:"imgurl";s:32:"../images/blue/zhaoshang/ad1.gif";s:7:"imglink";s:1:"#";s:5:"width";s:3:"250";s:6:"height";s:2:"70";}', 'a:3:{s:5:"div_w";s:0:"";s:5:"div_h";s:0:"";s:11:"div_bgcolor";s:0:"";}', 0, 0, 1, 'admin', 0, 2, 36, 0, 0, 'blue');
INSERT INTO `qb_label` (`name`, `ch`, `chtype`, `tag`, `type`, `typesystem`, `code`, `divcode`, `hide`, `js_time`, `uid`, `username`, `posttime`, `pagetype`, `module`, `fid`, `if_js`, `style`) VALUES ('', 0, 0, 'zhaoshang_listrad2', 'pic', 0, 'a:4:{s:6:"imgurl";s:32:"../images/blue/zhaoshang/ad7.gif";s:7:"imglink";s:1:"#";s:5:"width";s:3:"250";s:6:"height";s:2:"70";}', 'a:3:{s:5:"div_w";s:0:"";s:5:"div_h";s:0:"";s:11:"div_bgcolor";s:0:"";}', 0, 0, 1, 'admin', 0, 2, 36, 0, 0, 'blue');
INSERT INTO `qb_label` (`name`, `ch`, `chtype`, `tag`, `type`, `typesystem`, `code`, `divcode`, `hide`, `js_time`, `uid`, `username`, `posttime`, `pagetype`, `module`, `fid`, `if_js`, `style`) VALUES ('', 0, 0, 'zhaoshang_listt1', 'Info_zhaoshang_', 1, 'a:30:{s:13:"tplpart_1code";s:86:"<div class="list$i"><A HREF="$url" target=\'_blank\' >$title</a><span>$hits</span></div>";s:13:"tplpart_2code";s:0:"";s:3:"SYS";s:2:"wn";s:6:"wninfo";s:10:"zhaoshang_";s:7:"typefid";N;s:6:"cityId";N;s:5:"width";s:3:"250";s:6:"height";s:3:"187";s:8:"rolltype";s:10:"scrollLeft";s:8:"rolltime";s:1:"3";s:11:"roll_height";s:2:"50";s:11:"content_num";s:2:"80";s:7:"newhour";s:2:"24";s:7:"hothits";s:2:"30";s:7:"tplpath";s:24:"/common_title/0title.jpg";s:6:"DivTpl";i:1;s:5:"fiddb";N;s:8:"moduleid";N;s:5:"stype";s:1:"t";s:2:"yz";s:3:"all";s:10:"timeformat";s:11:"Y-m-d H:i:s";s:5:"order";s:4:"hits";s:3:"asc";s:4:"DESC";s:6:"levels";s:3:"all";s:7:"rowspan";s:1:"5";s:3:"sql";s:99:"SELECT * FROM qb_zhaoshang_content  WHERE city_id=\'$GLOBALS[city_id]\'  ORDER BY hits DESC LIMIT 0,5";s:7:"colspan";s:1:"1";s:8:"titlenum";s:2:"32";s:10:"titleflood";s:1:"0";s:9:"start_num";s:1:"1";}', 'a:3:{s:5:"div_w";s:2:"50";s:5:"div_h";s:2:"30";s:11:"div_bgcolor";s:0:"";}', 0, 0, 1, 'admin', 0, 2, 36, 0, 0, 'blue');
INSERT INTO `qb_label` (`name`, `ch`, `chtype`, `tag`, `type`, `typesystem`, `code`, `divcode`, `hide`, `js_time`, `uid`, `username`, `posttime`, `pagetype`, `module`, `fid`, `if_js`, `style`) VALUES ('', 0, 0, 'zhaoshang_listt2', 'Info_zhaoshang_', 1, 'a:30:{s:13:"tplpart_1code";s:193:"<dl> \r\n<dt><a href="$url" target="_blank"><img src="$picurl" width="80"/></a></dt>\r\n<dd>\r\n<div><A HREF="$url" title=\'$full_title\' target="_blank">$title</A></div>\r\n<p>$content</p>\r\n</dd>\r\n</dl>";s:13:"tplpart_2code";s:0:"";s:3:"SYS";s:2:"wn";s:6:"wninfo";s:10:"zhaoshang_";s:7:"typefid";N;s:6:"cityId";N;s:5:"width";s:3:"250";s:6:"height";s:3:"187";s:8:"rolltype";s:10:"scrollLeft";s:8:"rolltime";s:1:"3";s:11:"roll_height";s:2:"50";s:11:"content_num";s:2:"80";s:7:"newhour";s:2:"24";s:7:"hothits";s:2:"30";s:7:"tplpath";s:0:"";s:6:"DivTpl";i:1;s:5:"fiddb";N;s:8:"moduleid";N;s:5:"stype";s:2:"cp";s:2:"yz";s:3:"all";s:10:"timeformat";s:11:"Y-m-d H:i:s";s:5:"order";s:10:"levelstime";s:3:"asc";s:4:"DESC";s:6:"levels";s:3:"all";s:7:"rowspan";s:1:"4";s:3:"sql";s:117:"SELECT * FROM qb_zhaoshang_content  WHERE city_id=\'$GLOBALS[city_id]\' AND ispic=1  ORDER BY levelstime DESC LIMIT 0,4";s:7:"colspan";s:1:"1";s:8:"titlenum";s:2:"30";s:10:"titleflood";s:1:"0";s:9:"start_num";s:1:"1";}', 'a:3:{s:5:"div_w";s:2:"50";s:5:"div_h";s:2:"30";s:11:"div_bgcolor";s:0:"";}', 0, 0, 1, 'admin', 0, 2, 36, 0, 0, 'blue');
INSERT INTO `qb_label` (`name`, `ch`, `chtype`, `tag`, `type`, `typesystem`, `code`, `divcode`, `hide`, `js_time`, `uid`, `username`, `posttime`, `pagetype`, `module`, `fid`, `if_js`, `style`) VALUES ('', 0, 0, 'zhaoshang_slides', 'Info_zhaoshang_', 1, 'a:30:{s:13:"tplpart_1code";s:252:"<TABLE id=pictable style="DISPLAY: none">\r\n  <TBODY>\r\n<!--\r\nEOT;\r\nforeach($listdb AS $rs){extract($rs);\r\nprint <<<EOT\r\n-->\r\n<tr>\r\n<td><img src="$picurl"/></td>\r\n<td>$title</td>\r\n<td>$url</td>\r\n</tr>\r\n<!--\r\nEOT;\r\n}\r\nprint <<<EOT\r\n-->\r\n</TBODY>\r\n</TABLE>";s:13:"tplpart_2code";s:0:"";s:3:"SYS";s:2:"wn";s:6:"wninfo";s:10:"zhaoshang_";s:7:"typefid";N;s:6:"cityId";N;s:5:"width";s:3:"250";s:6:"height";s:3:"187";s:8:"rolltype";s:10:"scrollLeft";s:8:"rolltime";s:1:"3";s:11:"roll_height";s:2:"50";s:11:"content_num";s:2:"80";s:7:"newhour";s:2:"24";s:7:"hothits";s:2:"30";s:7:"tplpath";s:24:"/common_pic/img_div1.jpg";s:6:"DivTpl";i:1;s:5:"fiddb";N;s:8:"moduleid";N;s:5:"stype";s:1:"p";s:2:"yz";s:3:"all";s:10:"timeformat";s:11:"Y-m-d H:i:s";s:5:"order";s:4:"list";s:3:"asc";s:4:"DESC";s:6:"levels";s:3:"all";s:7:"rowspan";s:1:"6";s:3:"sql";s:111:"SELECT * FROM qb_zhaoshang_content  WHERE city_id=\'$GLOBALS[city_id]\' AND ispic=1  ORDER BY list DESC LIMIT 0,6";s:7:"colspan";s:1:"1";s:8:"titlenum";s:2:"40";s:10:"titleflood";s:1:"0";s:9:"start_num";s:1:"1";}', 'a:3:{s:5:"div_w";s:3:"506";s:5:"div_h";s:3:"229";s:11:"div_bgcolor";s:0:"";}', 0, 0, 1, 'admin', 1309487163, 0, 36, 0, 0, 'blue');
 

# --------------------------------------------------------

#
# 表的结构 `qb_zhaoshang_config`
#

DROP TABLE IF EXISTS `qb_zhaoshang_config`;
CREATE TABLE `qb_zhaoshang_config` (
  `c_key` varchar(50) NOT NULL default '',
  `c_value` text NOT NULL,
  `c_descrip` text NOT NULL,
  PRIMARY KEY  (`c_key`)
) TYPE=MyISAM;

#
# 导出表中的数据 `qb_zhaoshang_config`
#

INSERT INTO `qb_zhaoshang_config` VALUES ('Info_description', '', '');
INSERT INTO `qb_zhaoshang_config` VALUES ('Info_metakeywords', '', '');
INSERT INTO `qb_zhaoshang_config` VALUES ('Info_webOpen', '1', '');
INSERT INTO `qb_zhaoshang_config` VALUES ('Info_webname', '招商信息', '');
INSERT INTO `qb_zhaoshang_config` VALUES ('module_id', '36', '');
INSERT INTO `qb_zhaoshang_config` VALUES ('module_close', '0', '');
INSERT INTO `qb_zhaoshang_config` VALUES ('module_pre', 'zhaoshang_', '');
INSERT INTO `qb_zhaoshang_config` VALUES ('Info_allowpost', '3,4,8,9', '');
INSERT INTO `qb_zhaoshang_config` VALUES ('IF_Private_tpl', '0', '');
INSERT INTO `qb_zhaoshang_config` VALUES ('Private_tpl_head', '', '');
INSERT INTO `qb_zhaoshang_config` VALUES ('Private_tpl_foot', '', '');

# --------------------------------------------------------

#
# 表的结构 `qb_zhaoshang_content`
#

DROP TABLE IF EXISTS `qb_zhaoshang_content`;
CREATE TABLE `qb_zhaoshang_content` (
  `id` int(10) NOT NULL auto_increment,
  `title` varchar(100) NOT NULL default '',
  `mid` smallint(4) NOT NULL default '0',
  `fid` mediumint(7) NOT NULL default '0',
  `fname` varchar(50) NOT NULL default '',
  `hits` mediumint(7) NOT NULL default '0',
  `comments` mediumint(7) NOT NULL default '0',
  `posttime` int(10) NOT NULL default '0',
  `list` varchar(10) NOT NULL default '',
  `uid` mediumint(7) NOT NULL default '0',
  `username` varchar(30) NOT NULL default '',
  `titlecolor` varchar(15) NOT NULL default '',
  `picurl` varchar(150) NOT NULL default '',
  `ispic` tinyint(1) NOT NULL default '0',
  `yz` tinyint(1) NOT NULL default '0',
  `levels` tinyint(2) NOT NULL default '0',
  `levelstime` int(10) NOT NULL default '0',
  `keywords` varchar(100) NOT NULL default '',
  `ip` varchar(15) NOT NULL default '',
  `lastfid` mediumint(7) NOT NULL default '0',
  `money` mediumint(7) NOT NULL default '0',
  `begintime` int(10) NOT NULL default '0',
  `endtime` int(10) NOT NULL default '0',
  `lastview` int(10) NOT NULL default '0',
  `city_id` mediumint(7) NOT NULL default '0',
  PRIMARY KEY  (`id`),
  KEY `fid` (`fid`),
  KEY `ispic` (`ispic`),
  KEY `city_id` (`city_id`),
  KEY `list` (`list`,`fid`,`city_id`,`yz`),
  KEY `hits` (`hits`)
) TYPE=MyISAM AUTO_INCREMENT=45 ;

#
# 导出表中的数据 `qb_zhaoshang_content`
#

INSERT INTO `qb_zhaoshang_content` VALUES (42, '仿苹果手机急需厂家代工', 1, 52, '手机', 1, 0, 1310094126, '1310094126', 1, 'admin', '', 'qb_zhaoshang_/52/1_20110708110715_Mg==.jpg.jpg', 1, 1, 0, 0, '', '127.0.0.1', 0, 0, 0, 0, 1310094128, 0);
INSERT INTO `qb_zhaoshang_content` VALUES (41, '绿岛咖啡厅招有规模的酒店加盟', 1, 33, '咖啡馆茶楼', 0, 0, 1310093542, '1310093542', 1, 'admin', '', 'qb_zhaoshang_/33/1_20110708110727_Mw==.jpg.jpg', 1, 1, 0, 0, '', '127.0.0.1', 0, 0, 0, 0, 0, 0);
INSERT INTO `qb_zhaoshang_content` VALUES (40, '急需生产一批秋装,有500人工厂规模的优先考虑', 1, 32, '服装服饰', 1, 0, 1310093224, '1310093224', 1, 'admin', '', 'qb_zhaoshang_/32/1_20110708110748_NA==.jpg.jpg', 1, 1, 0, 0, '', '127.0.0.1', 0, 0, 0, 0, 1311923631, 0);
INSERT INTO `qb_zhaoshang_content` VALUES (36, '农场果树栽培项目对外招商', 1, 25, '鲜花礼品', 6, 0, 1310091427, '1310091427', 1, 'admin', '', 'qb_zhaoshang_/25/1_20110708120757_OA==.jpg.jpg', 1, 1, 0, 0, '', '127.0.0.1', 0, 0, 0, 0, 1310108448, 0);
INSERT INTO `qb_zhaoshang_content` VALUES (37, '一批宠物狗需要一笔资金养殖', 1, 26, '宠物服务', 2, 0, 1310091850, '1310091850', 1, 'admin', '', 'qb_zhaoshang_/26/1_20110708120716_Nw==.jpg.jpg', 1, 1, 0, 0, '', '127.0.0.1', 0, 0, 0, 0, 1310098031, 0);
INSERT INTO `qb_zhaoshang_content` VALUES (38, '超市门口展位公开招租', 1, 27, '商场超市', 2, 0, 1310092531, '1310092531', 1, 'admin', '', 'qb_zhaoshang_/27/1_20110708120734_Ng==.jpg.jpg', 1, 1, 0, 0, '', '127.0.0.1', 0, 0, 0, 0, 1310094525, 0);
INSERT INTO `qb_zhaoshang_content` VALUES (39, '最新研发美国引进的化妆品招代理加盟', 1, 28, '护理用品', 0, 0, 1310092746, '1310092746', 1, 'admin', '', 'qb_zhaoshang_/28/1_20110708110756_NQ==.jpg.jpg', 1, 1, 0, 0, '', '127.0.0.1', 0, 0, 0, 0, 0, 0);
INSERT INTO `qb_zhaoshang_content` VALUES (43, '急招家电维修店加盟做售后服务点', 1, 48, '家电', 6, 0, 1310094310, '1310094310', 1, 'admin', '', 'qb_zhaoshang_/48/1_20110708110754_MQ==.jpg.jpg', 1, 1, 0, 0, '', '127.0.0.1', 0, 0, 0, 0, 1311904966, 0);

# --------------------------------------------------------

#
# 表的结构 `qb_zhaoshang_content_1`
#

DROP TABLE IF EXISTS `qb_zhaoshang_content_1`;
CREATE TABLE `qb_zhaoshang_content_1` (
  `rid` mediumint(7) NOT NULL auto_increment,
  `id` mediumint(7) NOT NULL default '0',
  `fid` mediumint(7) NOT NULL default '0',
  `uid` mediumint(7) NOT NULL default '0',
  `content` mediumtext NOT NULL,
  `price` varchar(8) NOT NULL default '',
  `end_time` varchar(15) NOT NULL default '',
  `zs_type` varchar(20) NOT NULL default '',
  PRIMARY KEY  (`rid`),
  KEY `fid` (`fid`),
  KEY `id` (`id`),
  KEY `uid` (`uid`),
  KEY `my_rooms` (`price`)
) TYPE=MyISAM AUTO_INCREMENT=30 ;

#
# 导出表中的数据 `qb_zhaoshang_content_1`
#

INSERT INTO `qb_zhaoshang_content_1` VALUES (21, 36, 25, 1, '非常好的项目,一年就可赚上百万,机不可失!', '500000', '2011-07-14', '商务合作');
INSERT INTO `qb_zhaoshang_content_1` VALUES (22, 37, 26, 1, '项目可行性非常之高\r\n家家都喜欢养狗\r\n狗是赚钱之道', '800000', '2011-07-21', '商务合作');
INSERT INTO `qb_zhaoshang_content_1` VALUES (23, 38, 27, 1, '本超市人流量相当大.\r\n都是年轻一族具有非常强的购物欲望.\r\n发财致富就在你的明智选择!', '600000', '2011-07-23', '商务合作');
INSERT INTO `qb_zhaoshang_content_1` VALUES (24, 39, 28, 1, '加盟费不高,\r\n轻松创业,\r\n自己当老板,\r\n财源滚滚来.', '9000', '2011-07-16', '商务合作');
INSERT INTO `qb_zhaoshang_content_1` VALUES (25, 40, 32, 1, '必须要一定的工人规模\r\n必须要有一定的机器\r\n必须要有大的厂房', '80000', '2011-07-14', '商务合作');
INSERT INTO `qb_zhaoshang_content_1` VALUES (26, 41, 33, 1, '绿岛咖啡厅国内知名品牌\r\n为你的酒店增加多一种盈利方法.', '9000', '2011-07-29', '商务合作');
INSERT INTO `qb_zhaoshang_content_1` VALUES (27, 42, 52, 1, '我们提供模具与芯片\r\n具体的东西需要厂家自己提供', '6000', '2011-07-30', '商务合作');
INSERT INTO `qb_zhaoshang_content_1` VALUES (28, 43, 48, 1, '我们是格兰仕厂家,\r\n现需要一批有固定场所的家电维修店做我们的售后服务网点\r\n不同的产品维修,我们提供不同的回扣点.', '6000', '2011-07-23', '商务合作');

# --------------------------------------------------------

#
# 表的结构 `qb_zhaoshang_field`
#

DROP TABLE IF EXISTS `qb_zhaoshang_field`;
CREATE TABLE `qb_zhaoshang_field` (
  `id` mediumint(7) NOT NULL auto_increment,
  `mid` mediumint(5) NOT NULL default '0',
  `title` varchar(50) NOT NULL default '',
  `field_name` varchar(30) NOT NULL default '',
  `field_type` varchar(15) NOT NULL default '',
  `field_leng` smallint(3) NOT NULL default '0',
  `orderlist` int(10) NOT NULL default '0',
  `form_type` varchar(15) NOT NULL default '',
  `field_inputwidth` smallint(3) default NULL,
  `field_inputheight` smallint(3) NOT NULL default '0',
  `form_set` text NOT NULL,
  `form_value` text NOT NULL,
  `form_units` varchar(30) NOT NULL default '',
  `form_title` text NOT NULL,
  `mustfill` tinyint(1) NOT NULL default '0',
  `listshow` tinyint(1) NOT NULL default '0',
  `listfilter` tinyint(1) default NULL,
  `search` tinyint(1) NOT NULL default '0',
  `allowview` varchar(255) NOT NULL default '',
  `allowpost` varchar(255) NOT NULL default '',
  `js_check` text NOT NULL,
  `js_checkmsg` varchar(255) NOT NULL default '',
  `classid` mediumint(7) NOT NULL default '0',
  `form_js` text NOT NULL,
  PRIMARY KEY  (`id`)
) TYPE=MyISAM AUTO_INCREMENT=144 ;

#
# 导出表中的数据 `qb_zhaoshang_field`
#

INSERT INTO `qb_zhaoshang_field` VALUES (86, 1, '项目介绍', 'content', 'mediumtext', 0, 1, 'textarea', 650, 250, '', '', '', '', 0, 0, 0, 0, '', '', '', '', 0, '');
INSERT INTO `qb_zhaoshang_field` VALUES (79, 1, '资金需求', 'price', 'varchar', 8, 8, 'text', 8, 0, '', '', '元', '', 0, 1, 1, 0, '', '', '', '', 0, '');
INSERT INTO `qb_zhaoshang_field` VALUES (143, 1, '合作方式', 'zs_type', 'varchar', 20, 9, 'radio', 0, 0, '商务合作\r\n招商\r\n代理加盟 ', '商务合作', '', '', 1, 0, 0, 0, '', '', '', '', 0, '');
INSERT INTO `qb_zhaoshang_field` VALUES (142, 1, '截止日期', 'end_time', 'varchar', 15, 7, 'time', 15, 0, '', '', '', '', 0, 0, 0, 0, '', '', '', '', 31, '');

# --------------------------------------------------------

#
# 表的结构 `qb_zhaoshang_module`
#

DROP TABLE IF EXISTS `qb_zhaoshang_module`;
CREATE TABLE `qb_zhaoshang_module` (
  `id` smallint(4) NOT NULL auto_increment,
  `sort_id` mediumint(5) NOT NULL default '0',
  `name` varchar(50) NOT NULL default '',
  `list` smallint(4) NOT NULL default '0',
  `style` varchar(50) NOT NULL default '',
  `config` text NOT NULL,
  `config2` text NOT NULL,
  `comment_type` tinyint(1) NOT NULL default '0',
  `ifdp` tinyint(1) NOT NULL default '0',
  `template` text NOT NULL,
  PRIMARY KEY  (`id`)
) TYPE=MyISAM AUTO_INCREMENT=2 ;

#
# 导出表中的数据 `qb_zhaoshang_module`
#

INSERT INTO `qb_zhaoshang_module` VALUES (1, 0, '招商信息', 10, '', 'a:1:{s:9:"moduleSet";a:1:{s:6:"useMap";s:1:"1";}}', '', 1, 0, '');

# --------------------------------------------------------

#
# 表的结构 `qb_zhaoshang_sort`
#

DROP TABLE IF EXISTS `qb_zhaoshang_sort`;
CREATE TABLE `qb_zhaoshang_sort` (
  `fid` mediumint(7) unsigned NOT NULL auto_increment,
  `fup` mediumint(7) unsigned NOT NULL default '0',
  `name` varchar(50) NOT NULL default '',
  `mid` smallint(4) NOT NULL default '0',
  `class` smallint(4) NOT NULL default '0',
  `sons` smallint(4) NOT NULL default '0',
  `type` tinyint(1) NOT NULL default '0',
  `admin` varchar(100) NOT NULL default '',
  `list` int(10) NOT NULL default '0',
  `listorder` tinyint(2) NOT NULL default '0',
  `passwd` varchar(32) NOT NULL default '',
  `logo` varchar(150) NOT NULL default '',
  `descrip` text NOT NULL,
  `style` varchar(50) NOT NULL default '',
  `template` text NOT NULL,
  `jumpurl` varchar(150) NOT NULL default '',
  `maxperpage` tinyint(3) NOT NULL default '0',
  `metatitle` varchar(250) NOT NULL default '',
  `metakeywords` varchar(255) NOT NULL default '',
  `metadescription` varchar(255) NOT NULL default '',
  `allowcomment` tinyint(1) NOT NULL default '0',
  `allowpost` varchar(150) NOT NULL default '',
  `allowviewtitle` varchar(150) NOT NULL default '',
  `allowviewcontent` varchar(150) NOT NULL default '',
  `allowdownload` varchar(150) NOT NULL default '',
  `forbidshow` tinyint(1) NOT NULL default '0',
  `config` mediumtext NOT NULL,
  `index_show` tinyint(1) NOT NULL default '0',
  `contents` mediumint(4) NOT NULL default '0',
  `tableid` varchar(30) NOT NULL default '',
  `dir_name` varchar(50) NOT NULL default '',
  `ifcolor` tinyint(4) NOT NULL default '0',
  PRIMARY KEY  (`fid`)
) TYPE=MyISAM AUTO_INCREMENT=53 ;

#
# 导出表中的数据 `qb_zhaoshang_sort`
#

INSERT INTO `qb_zhaoshang_sort` VALUES (1, 0, '时尚购物', 1, 1, 0, 1, '', 0, 0, '', '', '', '', 'a:4:{s:4:"head";s:0:"";s:4:"foot";s:0:"";s:4:"list";s:0:"";s:8:"bencandy";s:0:"";}', '', 0, '', '', '', 0, '', '', '', '', 0, 'a:1:{s:11:"field_value";N;}', 0, 0, '', 'jiajuyongpin', 0);
INSERT INTO `qb_zhaoshang_sort` VALUES (2, 0, '餐饮美食', 1, 1, 0, 1, '', 0, 0, '', '', '', '', 'a:4:{s:4:"head";s:0:"";s:4:"foot";s:0:"";s:4:"list";s:0:"";s:8:"bencandy";s:0:"";}', '', 0, '', '', '', 0, '', '', '', '', 0, 'a:1:{s:11:"field_value";N;}', 0, 0, '', 'canyinxiuxian', 0);
INSERT INTO `qb_zhaoshang_sort` VALUES (3, 0, '休闲娱乐', 1, 1, 0, 1, '', 0, 0, '', '', '', '', 'a:4:{s:4:"head";s:0:"";s:4:"foot";s:0:"";s:4:"list";s:0:"";s:8:"bencandy";s:0:"";}', '', 0, '', '', '', 0, '', '', '', '', 0, 'a:1:{s:11:"field_value";N;}', 0, 0, '', 'wenhuatiyu', 0);
INSERT INTO `qb_zhaoshang_sort` VALUES (5, 0, '数码影音', 1, 1, 0, 1, '', 0, 0, '', '', '', '', 'a:4:{s:4:"head";s:0:"";s:4:"foot";s:0:"";s:4:"list";s:0:"";s:8:"bencandy";s:0:"";}', '', 0, '', '', '', 0, '', '', '', '', 0, 'a:1:{s:11:"field_value";N;}', 0, 0, '', 'shumayingyin', 0);
INSERT INTO `qb_zhaoshang_sort` VALUES (25, 1, '鲜花礼品', 1, 2, 0, 0, '', 0, 0, '', '', '', '', '', '', 0, '', '', '', 1, '', '', '', '', 0, '', 0, 0, '', '', 0);
INSERT INTO `qb_zhaoshang_sort` VALUES (26, 1, '宠物服务', 1, 2, 0, 0, '', 0, 0, '', '', '', '', '', '', 0, '', '', '', 1, '', '', '', '', 0, '', 0, 0, '', '', 0);
INSERT INTO `qb_zhaoshang_sort` VALUES (27, 1, '商场超市', 1, 2, 0, 0, '', 0, 0, '', '', '', '', '', '', 0, '', '', '', 1, '', '', '', '', 0, '', 0, 0, '', '', 0);
INSERT INTO `qb_zhaoshang_sort` VALUES (28, 1, '护理用品', 1, 2, 0, 0, '', 0, 0, '', '', '', '', '', '', 0, '', '', '', 1, '', '', '', '', 0, '', 0, 0, '', '', 0);
INSERT INTO `qb_zhaoshang_sort` VALUES (29, 1, '美发造型', 1, 2, 0, 0, '', 0, 0, '', '', '', '', '', '', 0, '', '', '', 1, '', '', '', '', 0, '', 0, 0, '', '', 0);
INSERT INTO `qb_zhaoshang_sort` VALUES (30, 1, '美容美体', 1, 2, 0, 0, '', 0, 0, '', '', '', '', '', '', 0, '', '', '', 1, '', '', '', '', 0, '', 0, 0, '', '', 0);
INSERT INTO `qb_zhaoshang_sort` VALUES (31, 1, '化妆品', 1, 2, 0, 0, '', 0, 0, '', '', '', '', 'N;', '', 0, '', '', '', 0, '', '', '', '', 0, '', 0, 0, '', '', 0);
INSERT INTO `qb_zhaoshang_sort` VALUES (32, 1, '服装服饰', 1, 2, 0, 0, '', 0, 0, '', '', '', '', '', '', 0, '', '', '', 1, '', '', '', '', 0, '', 0, 0, '', '', 0);
INSERT INTO `qb_zhaoshang_sort` VALUES (33, 2, '咖啡馆茶楼', 1, 2, 0, 0, '', 0, 0, '', '', '', '', '', '', 0, '', '', '', 1, '', '', '', '', 0, '', 0, 0, '', '', 0);
INSERT INTO `qb_zhaoshang_sort` VALUES (34, 2, '蛋糕冰淇淋', 1, 2, 0, 0, '', 0, 0, '', '', '', '', '', '', 0, '', '', '', 1, '', '', '', '', 0, '', 0, 0, '', '', 0);
INSERT INTO `qb_zhaoshang_sort` VALUES (35, 2, '食品饮料', 1, 2, 0, 0, '', 0, 0, '', '', '', '', '', '', 0, '', '', '', 1, '', '', '', '', 0, '', 0, 0, '', '', 0);
INSERT INTO `qb_zhaoshang_sort` VALUES (36, 2, '连锁经营', 1, 2, 0, 0, '', 0, 0, '', '', '', '', '', '', 0, '', '', '', 1, '', '', '', '', 0, '', 0, 0, '', '', 0);
INSERT INTO `qb_zhaoshang_sort` VALUES (37, 2, '日韩料理', 1, 2, 0, 0, '', 0, 0, '', '', '', '', '', '', 0, '', '', '', 1, '', '', '', '', 0, '', 0, 0, '', '', 0);
INSERT INTO `qb_zhaoshang_sort` VALUES (38, 2, '异国风味', 1, 2, 0, 0, '', 0, 0, '', '', '', '', '', '', 0, '', '', '', 1, '', '', '', '', 0, '', 0, 0, '', '', 0);
INSERT INTO `qb_zhaoshang_sort` VALUES (39, 2, '中式餐饮', 1, 2, 0, 0, '', 0, 0, '', '', '', '', '', '', 0, '', '', '', 1, '', '', '', '', 0, '', 0, 0, '', '', 0);
INSERT INTO `qb_zhaoshang_sort` VALUES (40, 3, '按摩洗浴', 1, 2, 0, 0, '', 0, 0, '', '', '', '', '', '', 0, '', '', '', 1, '', '', '', '', 0, '', 0, 0, '', '', 0);
INSERT INTO `qb_zhaoshang_sort` VALUES (41, 3, '摄影婚庆', 1, 2, 0, 0, '', 0, 0, '', '', '', '', '', '', 0, '', '', '', 1, '', '', '', '', 0, '', 0, 0, '', '', 0);
INSERT INTO `qb_zhaoshang_sort` VALUES (42, 3, '视听娱乐', 1, 2, 0, 0, '', 0, 0, '', '', '', '', '', '', 0, '', '', '', 1, '', '', '', '', 0, '', 0, 0, '', '', 0);
INSERT INTO `qb_zhaoshang_sort` VALUES (43, 3, '迪厅酒吧', 1, 2, 0, 0, '', 0, 0, '', '', '', '', '', '', 0, '', '', '', 1, '', '', '', '', 0, '', 0, 0, '', '', 0);
INSERT INTO `qb_zhaoshang_sort` VALUES (44, 3, '电影演出', 1, 2, 0, 0, '', 0, 0, '', '', '', '', '', '', 0, '', '', '', 1, '', '', '', '', 0, '', 0, 0, '', '', 0);
INSERT INTO `qb_zhaoshang_sort` VALUES (45, 3, 'KTV歌舞厅', 1, 2, 0, 0, '', 0, 0, '', '', '', '', '', '', 0, '', '', '', 1, '', '', '', '', 0, '', 0, 0, '', '', 0);
INSERT INTO `qb_zhaoshang_sort` VALUES (46, 5, '软件游戏', 1, 2, 0, 0, '', 0, 0, '', '', '', '', '', '', 0, '', '', '', 1, '', '', '', '', 0, '', 0, 0, '', '', 0);
INSERT INTO `qb_zhaoshang_sort` VALUES (47, 5, '办公用品', 1, 2, 0, 0, '', 0, 0, '', '', '', '', '', '', 0, '', '', '', 1, '', '', '', '', 0, '', 0, 0, '', '', 0);
INSERT INTO `qb_zhaoshang_sort` VALUES (48, 5, '家电', 1, 2, 0, 0, '', 0, 0, '', '', '', '', '', '', 0, '', '', '', 1, '', '', '', '', 0, '', 0, 0, '', '', 0);
INSERT INTO `qb_zhaoshang_sort` VALUES (49, 5, 'mp3mp4', 1, 2, 0, 0, '', 0, 0, '', '', '', '', '', '', 0, '', '', '', 1, '', '', '', '', 0, '', 0, 0, '', '', 0);
INSERT INTO `qb_zhaoshang_sort` VALUES (50, 5, '电脑', 1, 2, 0, 0, '', 0, 0, '', '', '', '', '', '', 0, '', '', '', 1, '', '', '', '', 0, '', 0, 0, '', '', 0);
INSERT INTO `qb_zhaoshang_sort` VALUES (51, 5, 'DC/DV', 1, 2, 0, 0, '', 0, 0, '', '', '', '', '', '', 0, '', '', '', 1, '', '', '', '', 0, '', 0, 0, '', '', 0);
INSERT INTO `qb_zhaoshang_sort` VALUES (52, 5, '手机', 1, 2, 0, 0, '', 0, 0, '', '', '', '', '', '', 0, '', '', '', 1, '', '', '', '', 0, '', 0, 0, '', '', 0);
