INSERT INTO `qb_module` (`id`, `type`, `name`, `pre`, `dirname`, `domain`, `admindir`, `config`, `list`, `admingroup`, `adminmember`, `ifclose`) VALUES (33, 2, '品牌模块', 'brand_', 'brand', '', '', 'a:7:{s:12:"list_PhpName";s:18:"list.php?&fid=$fid";s:12:"show_PhpName";s:29:"bencandy.php?&fid=$fid&id=$id";s:8:"MakeHtml";N;s:14:"list_HtmlName1";N;s:14:"show_HtmlName1";N;s:14:"list_HtmlName2";N;s:14:"show_HtmlName2";N;}', 96, '', '', 0);


INSERT INTO `qb_label` (`lid`, `name`, `ch`, `chtype`, `tag`, `type`, `typesystem`, `code`, `divcode`, `hide`, `js_time`, `uid`, `username`, `posttime`, `pagetype`, `module`, `fid`, `if_js`, `style`) VALUES ('', '', 0, 0, 'brand_c1', 'code', 0, '<A href="list.php?fid=1" target=_blank>更多&gt;&gt;</A>', 'a:4:{s:9:"html_edit";N;s:5:"div_w";s:2:"50";s:5:"div_h";s:2:"21";s:11:"div_bgcolor";s:0:"";}', 0, 0, 1, 'admin', 1287473171, 0, 33, 0, 0, 'yellow');
INSERT INTO `qb_label` (`lid`, `name`, `ch`, `chtype`, `tag`, `type`, `typesystem`, `code`, `divcode`, `hide`, `js_time`, `uid`, `username`, `posttime`, `pagetype`, `module`, `fid`, `if_js`, `style`) VALUES ('', '', 0, 0, 'brand_c2', 'code', 0, '<A href="list.php?fid=1" target=_blank>更多&gt;&gt;</A>', 'a:4:{s:9:"html_edit";N;s:5:"div_w";s:0:"";s:5:"div_h";s:0:"";s:11:"div_bgcolor";s:0:"";}', 0, 0, 1, 'admin', 0, 0, 33, 0, 0, 'yellow');
INSERT INTO `qb_label` (`lid`, `name`, `ch`, `chtype`, `tag`, `type`, `typesystem`, `code`, `divcode`, `hide`, `js_time`, `uid`, `username`, `posttime`, `pagetype`, `module`, `fid`, `if_js`, `style`) VALUES ('', '', 0, 0, 'brand_c3', 'code', 0, '<A href="list.php?fid=1" target=_blank>更多&gt;&gt;</A>', 'a:4:{s:9:"html_edit";N;s:5:"div_w";s:0:"";s:5:"div_h";s:0:"";s:11:"div_bgcolor";s:0:"";}', 0, 0, 1, 'admin', 0, 0, 33, 0, 0, 'yellow');
INSERT INTO `qb_label` (`lid`, `name`, `ch`, `chtype`, `tag`, `type`, `typesystem`, `code`, `divcode`, `hide`, `js_time`, `uid`, `username`, `posttime`, `pagetype`, `module`, `fid`, `if_js`, `style`) VALUES ('', '', 0, 0, 'brand_c4', 'code', 0, '<A href="list.php?fid=1" target=_blank>更多&gt;&gt;</A>', 'a:4:{s:9:"html_edit";N;s:5:"div_w";s:0:"";s:5:"div_h";s:0:"";s:11:"div_bgcolor";s:0:"";}', 0, 0, 1, 'admin', 0, 0, 33, 0, 0, 'yellow');
INSERT INTO `qb_label` (`lid`, `name`, `ch`, `chtype`, `tag`, `type`, `typesystem`, `code`, `divcode`, `hide`, `js_time`, `uid`, `username`, `posttime`, `pagetype`, `module`, `fid`, `if_js`, `style`) VALUES ('', '', 0, 0, 'brand_c5', 'code', 0, '<A href="list.php?fid=1" target=_blank>更多&gt;&gt;</A>', 'a:4:{s:9:"html_edit";N;s:5:"div_w";s:0:"";s:5:"div_h";s:0:"";s:11:"div_bgcolor";s:0:"";}', 0, 0, 1, 'admin', 0, 0, 33, 0, 0, 'yellow');
INSERT INTO `qb_label` (`lid`, `name`, `ch`, `chtype`, `tag`, `type`, `typesystem`, `code`, `divcode`, `hide`, `js_time`, `uid`, `username`, `posttime`, `pagetype`, `module`, `fid`, `if_js`, `style`) VALUES ('', '', 0, 0, 'brand_c6', 'code', 0, '<A href="list.php?fid=1" target=_blank>更多&gt;&gt;</A>', 'a:4:{s:9:"html_edit";N;s:5:"div_w";s:0:"";s:5:"div_h";s:0:"";s:11:"div_bgcolor";s:0:"";}', 0, 0, 1, 'admin', 0, 0, 33, 0, 0, 'yellow');
INSERT INTO `qb_label` (`lid`, `name`, `ch`, `chtype`, `tag`, `type`, `typesystem`, `code`, `divcode`, `hide`, `js_time`, `uid`, `username`, `posttime`, `pagetype`, `module`, `fid`, `if_js`, `style`) VALUES ('', '', 0, 0, 'brand_rollpic', 'rollpic', 0, 'a:6:{s:8:"rolltype";s:1:"0";s:5:"width";s:3:"701";s:6:"height";s:3:"187";s:6:"picurl";a:2:{i:1;s:32:"label/1_20101029161030_xsqvr.jpg";i:2;s:32:"label/1_20101018161034_vcmx7.jpg";}s:7:"piclink";a:2:{i:1;s:1:"#";i:2;s:1:"#";}s:6:"picalt";a:2:{i:1;s:0:"";i:2;s:0:"";}}', 'a:3:{s:5:"div_w";s:2:"50";s:5:"div_h";s:2:"21";s:11:"div_bgcolor";s:0:"";}', 0, 0, 1, 'admin', 1288342531, 0, 33, 0, 0, 'default');
INSERT INTO `qb_label` (`lid`, `name`, `ch`, `chtype`, `tag`, `type`, `typesystem`, `code`, `divcode`, `hide`, `js_time`, `uid`, `username`, `posttime`, `pagetype`, `module`, `fid`, `if_js`, `style`) VALUES ('', '', 0, 0, 'brand_t1', 'code', 0, '品牌资讯', 'a:4:{s:9:"html_edit";N;s:5:"div_w";s:0:"";s:5:"div_h";s:0:"";s:11:"div_bgcolor";s:0:"";}', 0, 0, 1, 'admin', 0, 0, 33, 0, 0, 'yellow');
INSERT INTO `qb_label` (`lid`, `name`, `ch`, `chtype`, `tag`, `type`, `typesystem`, `code`, `divcode`, `hide`, `js_time`, `uid`, `username`, `posttime`, `pagetype`, `module`, `fid`, `if_js`, `style`) VALUES ('', '', 0, 0, 'brand_t2', 'article', 1, 'a:32:{s:13:"tplpart_1code";s:82:"<div class="list l$i"><span><a href="$url" target="_blank">$title</a></span></div>";s:13:"tplpart_2code";s:0:"";s:3:"SYS";s:7:"artcile";s:13:"RollStyleType";s:0:"";s:8:"rolltype";s:10:"scrollLeft";s:8:"rolltime";s:1:"3";s:11:"roll_height";s:2:"50";s:5:"width";s:3:"250";s:6:"height";s:3:"187";s:7:"newhour";s:2:"24";s:7:"hothits";s:3:"100";s:7:"amodule";s:1:"0";s:7:"tplpath";s:0:"";s:6:"DivTpl";i:1;s:5:"fiddb";N;s:5:"stype";s:1:"4";s:2:"yz";s:1:"1";s:7:"hidefid";N;s:10:"timeformat";s:11:"Y-m-d H:i:s";s:5:"order";s:6:"A.list";s:3:"asc";s:4:"DESC";s:6:"levels";s:3:"all";s:7:"rowspan";s:1:"6";s:3:"sql";s:102:" SELECT A.*,A.aid AS id FROM qb_article A  WHERE A.yz=1  AND A.mid=\'0\'   ORDER BY A.list DESC LIMIT 6 ";s:4:"sql2";N;s:7:"colspan";s:1:"1";s:11:"content_num";s:2:"80";s:12:"content_num2";s:3:"120";s:8:"titlenum";s:2:"36";s:9:"titlenum2";s:2:"40";s:10:"titleflood";s:1:"0";s:10:"c_rolltype";s:1:"0";}', 'a:3:{s:5:"div_w";s:2:"50";s:5:"div_h";s:2:"30";s:11:"div_bgcolor";s:0:"";}', 0, 0, 1, 'admin', 0, 0, 33, 0, 0, 'yellow');
INSERT INTO `qb_label` (`lid`, `name`, `ch`, `chtype`, `tag`, `type`, `typesystem`, `code`, `divcode`, `hide`, `js_time`, `uid`, `username`, `posttime`, `pagetype`, `module`, `fid`, `if_js`, `style`) VALUES ('', '', 0, 0, 'brand_tt1ad', 'pic', 0, 'a:4:{s:6:"imgurl";s:32:"label/1_20101101161120_kchzq.gif";s:7:"imglink";s:1:"#";s:5:"width";s:3:"980";s:6:"height";s:2:"33";}', 'a:3:{s:5:"div_w";s:0:"";s:5:"div_h";s:0:"";s:11:"div_bgcolor";s:0:"";}', 0, 0, 1, 'admin', 0, 0, 33, 0, 0, 'default');
INSERT INTO `qb_label` (`lid`, `name`, `ch`, `chtype`, `tag`, `type`, `typesystem`, `code`, `divcode`, `hide`, `js_time`, `uid`, `username`, `posttime`, `pagetype`, `module`, `fid`, `if_js`, `style`) VALUES ('', '', 0, 0, 'brand_y1', 'Info_brand_', 1, 'a:28:{s:13:"tplpart_1code";s:206:"<div class="list"> <a href="$url"><img src="$picurl" onerror="this.src=\'$webdb[www_url]/images/yellow/brand.gif\'" width="150" height="70"/></a> \r\n              <a href="$url">$title</a> \r\n            </div>";s:13:"tplpart_2code";s:0:"";s:3:"SYS";s:2:"wn";s:6:"wninfo";s:6:"brand_";s:9:"noReadMid";i:1;s:5:"width";s:3:"250";s:6:"height";s:3:"187";s:8:"rolltype";s:10:"scrollLeft";s:8:"rolltime";s:1:"3";s:11:"roll_height";s:2:"50";s:11:"content_num";s:2:"80";s:7:"newhour";s:2:"24";s:7:"hothits";s:2:"30";s:7:"tplpath";s:0:"";s:6:"DivTpl";i:1;s:5:"fiddb";N;s:8:"moduleid";N;s:5:"stype";s:1:"p";s:2:"yz";s:3:"all";s:10:"timeformat";s:11:"Y-m-d H:i:s";s:5:"order";s:12:"A.levelstime";s:3:"asc";s:4:"DESC";s:6:"levels";s:1:"1";s:7:"rowspan";s:1:"8";s:3:"sql";s:145:"SELECT * FROM qb_brand_content A LEFT JOIN qb_brand_content_1 B ON A.id=B.id  WHERE A.ispic=1  AND A.levels=1  ORDER BY A.levelstime DESC LIMIT 8";s:7:"colspan";s:1:"1";s:8:"titlenum";s:2:"20";s:10:"titleflood";s:1:"0";}', 'a:3:{s:5:"div_w";s:2:"50";s:5:"div_h";s:2:"30";s:11:"div_bgcolor";s:0:"";}', 0, 0, 1, 'admin', 1287472956, 0, 33, 0, 0, 'yellow');
INSERT INTO `qb_label` (`lid`, `name`, `ch`, `chtype`, `tag`, `type`, `typesystem`, `code`, `divcode`, `hide`, `js_time`, `uid`, `username`, `posttime`, `pagetype`, `module`, `fid`, `if_js`, `style`) VALUES ('', '', 0, 0, 'brand_y2', 'Info_brand_', 1, 'a:28:{s:13:"tplpart_1code";s:206:"<div class="list"> <a href="$url"><img src="$picurl" onerror="this.src=\'$webdb[www_url]/images/yellow/brand.gif\'" width="150" height="70"/></a> \r\n              <a href="$url">$title</a> \r\n            </div>";s:13:"tplpart_2code";s:0:"";s:3:"SYS";s:2:"wn";s:6:"wninfo";s:6:"brand_";s:9:"noReadMid";i:1;s:5:"width";s:3:"250";s:6:"height";s:3:"187";s:8:"rolltype";s:10:"scrollLeft";s:8:"rolltime";s:1:"3";s:11:"roll_height";s:2:"50";s:11:"content_num";s:2:"80";s:7:"newhour";s:2:"24";s:7:"hothits";s:2:"30";s:7:"tplpath";s:0:"";s:6:"DivTpl";i:1;s:5:"fiddb";N;s:8:"moduleid";N;s:5:"stype";s:1:"p";s:2:"yz";s:3:"all";s:10:"timeformat";s:11:"Y-m-d H:i:s";s:5:"order";s:6:"A.list";s:3:"asc";s:4:"DESC";s:6:"levels";s:3:"all";s:7:"rowspan";s:1:"8";s:3:"sql";s:123:"SELECT * FROM qb_brand_content A LEFT JOIN qb_brand_content_1 B ON A.id=B.id  WHERE A.ispic=1  ORDER BY A.list DESC LIMIT 8";s:7:"colspan";s:1:"1";s:8:"titlenum";s:2:"20";s:10:"titleflood";s:1:"0";}', 'a:3:{s:5:"div_w";s:2:"50";s:5:"div_h";s:2:"30";s:11:"div_bgcolor";s:0:"";}', 0, 0, 1, 'admin', 0, 0, 33, 0, 0, 'yellow');
INSERT INTO `qb_label` (`lid`, `name`, `ch`, `chtype`, `tag`, `type`, `typesystem`, `code`, `divcode`, `hide`, `js_time`, `uid`, `username`, `posttime`, `pagetype`, `module`, `fid`, `if_js`, `style`) VALUES ('', '', 0, 0, 'brand_y3', 'Info_brand_', 1, 'a:28:{s:13:"tplpart_1code";s:206:"<div class="list"> <a href="$url"><img src="$picurl" onerror="this.src=\'$webdb[www_url]/images/yellow/brand.gif\'" width="150" height="70"/></a> \r\n              <a href="$url">$title</a> \r\n            </div>";s:13:"tplpart_2code";s:0:"";s:3:"SYS";s:2:"wn";s:6:"wninfo";s:6:"brand_";s:9:"noReadMid";i:1;s:5:"width";s:3:"250";s:6:"height";s:3:"187";s:8:"rolltype";s:10:"scrollLeft";s:8:"rolltime";s:1:"3";s:11:"roll_height";s:2:"50";s:11:"content_num";s:2:"80";s:7:"newhour";s:2:"24";s:7:"hothits";s:2:"30";s:7:"tplpath";s:0:"";s:6:"DivTpl";i:1;s:5:"fiddb";N;s:8:"moduleid";N;s:5:"stype";s:1:"p";s:2:"yz";s:3:"all";s:10:"timeformat";s:11:"Y-m-d H:i:s";s:5:"order";s:6:"A.hits";s:3:"asc";s:4:"DESC";s:6:"levels";s:3:"all";s:7:"rowspan";s:1:"8";s:3:"sql";s:123:"SELECT * FROM qb_brand_content A LEFT JOIN qb_brand_content_1 B ON A.id=B.id  WHERE A.ispic=1  ORDER BY A.hits DESC LIMIT 8";s:7:"colspan";s:1:"1";s:8:"titlenum";s:2:"20";s:10:"titleflood";s:1:"0";}', 'a:3:{s:5:"div_w";s:2:"50";s:5:"div_h";s:2:"30";s:11:"div_bgcolor";s:0:"";}', 0, 0, 1, 'admin', 1287472967, 0, 33, 0, 0, 'yellow');
   

# --------------------------------------------------------

#
# 表的结构 `qb_brand_config`
#

DROP TABLE IF EXISTS `qb_brand_config`;
CREATE TABLE `qb_brand_config` (
  `c_key` varchar(50) NOT NULL default '',
  `c_value` text NOT NULL,
  `c_descrip` text NOT NULL,
  PRIMARY KEY  (`c_key`)
) TYPE=MyISAM;

#
# 导出表中的数据 `qb_brand_config`
#

INSERT INTO `qb_brand_config` VALUES ('Info_allowpost', '3,4,8,9', '');
INSERT INTO `qb_brand_config` VALUES ('module_pre', 'brand_', '');
INSERT INTO `qb_brand_config` VALUES ('Info_webOpen', '1', '');
INSERT INTO `qb_brand_config` VALUES ('module_id', '33', '');
INSERT INTO `qb_brand_config` VALUES ('Info_webname', '品牌', '');

# --------------------------------------------------------

#
# 表的结构 `qb_brand_content`
#

DROP TABLE IF EXISTS `qb_brand_content`;
CREATE TABLE `qb_brand_content` (
  `id` int(10) NOT NULL auto_increment,
  `title` varchar(100) NOT NULL default '',
  `mid` smallint(4) NOT NULL default '0',
  `fid` mediumint(7) NOT NULL default '0',
  `fname` varchar(50) NOT NULL default '',
  `hits` mediumint(7) NOT NULL default '0',
  `comments` mediumint(7) NOT NULL default '0',
  `posttime` int(10) NOT NULL default '0',
  `list` varchar(10) NOT NULL default '',
  `uid` mediumint(7) NOT NULL default '0',
  `username` varchar(30) NOT NULL default '',
  `titlecolor` varchar(15) NOT NULL default '',
  `picurl` varchar(150) NOT NULL default '',
  `ispic` tinyint(1) NOT NULL default '0',
  `yz` tinyint(1) NOT NULL default '0',
  `levels` tinyint(2) NOT NULL default '0',
  `levelstime` int(10) NOT NULL default '0',
  `keywords` varchar(100) NOT NULL default '',
  `ip` varchar(15) NOT NULL default '',
  `lastfid` mediumint(7) NOT NULL default '0',
  `money` mediumint(7) NOT NULL default '0',
  `begintime` int(10) NOT NULL default '0',
  `endtime` int(10) NOT NULL default '0',
  `lastview` int(10) NOT NULL default '0',
  `city_id` mediumint(7) NOT NULL default '0',
  `totaluser` mediumint(7) NOT NULL default '0',
  PRIMARY KEY  (`id`),
  KEY `fid` (`fid`),
  KEY `ispic` (`ispic`),
  KEY `city_id` (`city_id`),
  KEY `list` (`list`,`fid`,`city_id`,`yz`),
  KEY `hits` (`hits`)
) TYPE=MyISAM AUTO_INCREMENT=9 ;

#
# 导出表中的数据 `qb_brand_content`
#

INSERT INTO `qb_brand_content` VALUES (1, '索奥斯玻璃技术', 1, 1, '机械类', 2, 0, 1288621337, '1288621337', 1, 'admin', '', 'http://images.glass.cn/brand/20096/633801555128001250.jpg', 1, 1, 1, 1288621843, '', '127.0.0.1', 0, 0, 0, 0, 1288677782, 0, 2);
INSERT INTO `qb_brand_content` VALUES (2, '浙江大明玻璃', 1, 2, '家居类', 0, 0, 1288621429, '1288621429', 1, 'admin', '', 'http://images.glass.cn/brand/200912/633966380281790091.jpg', 1, 1, 1, 1288621843, '', '127.0.0.1', 0, 0, 0, 0, 0, 0, 0);
INSERT INTO `qb_brand_content` VALUES (3, '犀马化工', 1, 3, '玩具类', 0, 0, 1288621498, '1288621498', 1, 'admin', '', 'http://images.glass.cn/brand/20096/633801556362532500.jpg', 1, 1, 1, 1288621844, '', '127.0.0.1', 0, 0, 0, 0, 0, 0, 1);
INSERT INTO `qb_brand_content` VALUES (4, '君采玻璃', 1, 4, '加工类', 1, 0, 1288621556, '1288621556', 1, 'admin', '', 'http://images.glass.cn/brand/20096/633801659935345000.jpg', 1, 1, 1, 1288621844, '', '127.0.0.1', 0, 0, 0, 0, 1288621557, 0, 1);
INSERT INTO `qb_brand_content` VALUES (5, '蓝马化工', 1, 5, '纺织类', 4, 0, 1288621614, '1288621614', 1, 'admin', '', 'http://images.glass.cn/brand/20096/633801658883782500.jpg', 1, 1, 1, 1288621845, '', '127.0.0.1', 0, 0, 0, 0, 1293511442, 0, 0);
INSERT INTO `qb_brand_content` VALUES (6, '上海多林化工', 1, 6, '医药类', 1, 0, 1288621666, '1288621666', 1, 'admin', '', 'http://images.glass.cn/brand/20096/633801634062220000.jpg', 1, 1, 1, 1288621845, '', '127.0.0.1', 0, 0, 0, 0, 1293508335, 0, 1);
INSERT INTO `qb_brand_content` VALUES (7, '浦江东力水晶', 1, 7, '其它', 0, 0, 1288621719, '1288621719', 1, 'admin', '', 'http://images.glass.cn/brand/20096/633801613209876250.jpg', 1, 1, 1, 1288621846, '', '127.0.0.1', 0, 0, 0, 0, 0, 0, 1);
INSERT INTO `qb_brand_content` VALUES (8, '华尔润', 1, 7, '其它', 0, 0, 1288621810, '1288621810', 1, 'admin', '', 'http://images.glass.cn/brand/20096/633801580613938750.jpg', 1, 1, 1, 1288621847, '', '127.0.0.1', 0, 0, 0, 0, 0, 0, 1);

# --------------------------------------------------------

#
# 表的结构 `qb_brand_content_1`
#

DROP TABLE IF EXISTS `qb_brand_content_1`;
CREATE TABLE `qb_brand_content_1` (
  `rid` mediumint(7) NOT NULL auto_increment,
  `id` mediumint(7) NOT NULL default '0',
  `fid` mediumint(7) NOT NULL default '0',
  `uid` mediumint(7) NOT NULL default '0',
  `content` mediumtext NOT NULL,
  `offurl` varchar(100) NOT NULL default '',
  `creattime` varchar(30) NOT NULL default '',
  `famous_person` varchar(30) NOT NULL default '',
  PRIMARY KEY  (`rid`),
  KEY `fid` (`fid`),
  KEY `id` (`id`),
  KEY `uid` (`uid`)
) TYPE=MyISAM AUTO_INCREMENT=9 ;

#
# 导出表中的数据 `qb_brand_content_1`
#

INSERT INTO `qb_brand_content_1` VALUES (1, 1, 1, 1, '<p>佛山市顺德区伦教索奥斯玻璃技术有限公司是专业研究开发玻璃深加工新技术、新工艺及其配套设备制造的综合性高新技术企业。索奥斯历经多年的探索与实践，已成功开发研制的水平辊道式平/弯钢化玻璃生产线、水平异型热弯钢化玻璃生产线、全自动立式平/弯钢化玻璃生产线、全自动智能型连续热弯玻璃生产线等, 已广泛应用于国内外建筑装饰、车辆交通、民用家具、家电、工业仪表等各个领域。 <br />\r\n公司秉承“发展才是硬道理”的发展理念，大力发扬“团结、拼搏、务实、创新”的企业精神，本着“以客户需求为导向，以客户满意为目标，全新全意为客户服务”的经营理念；依靠高素质的员工队伍、科学的管理和对客户高度负责的工作态度。在全体员工的不懈努力和广大客户的大力支持下获得了快速的成长。产品质量和信誉赢得了广大客户的赞同和认可。 <br />\r\n公司将一如既往, 不懈努力, 为您提供不断完善的工艺技术装备, 一流快捷的到位服务。索奥斯热诚渴望成为您值得信赖的朋友， 携手共创美好的未来！ </p>\r\n', 'http://www.southtech.cn', '2010-11-01', '无');
INSERT INTO `qb_brand_content_1` VALUES (2, 2, 2, 1, '杭州大明科技控股集团，由杭州大明玻璃有限公司、浙江大明玻璃有限公司、山东淄博中玻镜业有限公司与杭州搏士家具有限公司4家子公司构建而成。 　　企业集新能源玻璃生产、超白浮法玻璃生产、高品质无铜环保银镜铝镜生产与玻璃深加工于一体，业务遍及欧洲、北美、南非、东南亚、台湾、香港等国家和地区，是笼括原片生产、加工、贸易、仓储、物流等领域的大型综合性集团公司。 　　自成立以来，企业历经原始资本积累―横向规模扩大―纵向产业链延伸三个发展阶段，风雨历练下，大明已俨然成为中国玻璃行业的新兴领军企', 'http://www.damingglass.com', '2010-11-19', '屠有军');
INSERT INTO `qb_brand_content_1` VALUES (3, 3, 3, 1, '佛山犀马精细化工有限公司创建于1993年，坐落于亚太经济发展活跃的东亚和东南亚的交汇处――佛山，是中外合资的股份制有限公司，公司在漫长的发展历程中不断开拓创新，一直保持着健康、稳定、快速的良好发展趋势。在国内同行业中一直保持领头羊的地位。 佛山犀马精细化工有限公司是集化学科研、开发、生产、销售、服务为一体的综合型企业。本公司专业研究、开发并规模生产系列环保型玻璃蒙砂粉、蒙砂膏、凹蒙蚀刻剂、玻璃抛光液、玻璃切削液等玻璃表面处理辅料；经本公司蒙砂粉、蒙砂膏处理的玻璃制品表面质地均', 'http://www.gd-glass.net/', '2010-11-03', '黄忠军');
INSERT INTO `qb_brand_content_1` VALUES (4, 4, 4, 1, '杭州君采玻璃有限公司座落于杭州市江干区备塘路普福村561号.公司占地面积2000多平方,现有员工30多名,专业玻璃生产线两条,是一家专业研发和生产数码复合安全强化玻璃及装饰工艺玻璃等综合性玻璃产品的企业. <br />\r\n<br />\r\n经过多年的研发和实践,公司在复合安全玻璃的技术方面取得了强大的突破,达到了国内领先水平.经过公司员工不断地努力合作,终于在二零零七年底强势推出了玻璃行业一直期望个性图案数码强化玻璃.', 'http://www.olyglass.cn/', '2010-11-26', '黄世安');
INSERT INTO `qb_brand_content_1` VALUES (5, 5, 5, 1, '天津市蓝马化工有限公司建于1990年，位于天津市北辰区津霸公路旁，交通非常便利。多年来，我们以高新优质的产品服务于广大用户。本公司技术力量雄厚，不断研制和开发新产品。 <br />\r\n我们采用先进的工艺、现代化的生产设备、高质量的原料，生产出环保型中空玻璃专用弹性密封胶。本公司技术力量雄厚， 不断研制和开发新产品。我们采用先进的工艺、现代化的生产设备、高质量的原料，生产出环保型中空玻璃专用弹性密封胶。 <br />\r\n我们信奉“质量第一，客户之上”的宗旨，以现代化的经营理念；', 'http://www.tjlanma.com/', '2010-11-03', '丁经理');
INSERT INTO `qb_brand_content_1` VALUES (6, 6, 6, 1, '1、上海多林化工科技有限公司是一家外商独资的高新技术企业，专业从事环保型玻璃蒙砂材料和自动蒙砂设备的研发，生产以及销售。公司拥有博士硕士等专业技术人才，优质的品质，环保的理念，专业的技术服务已得到国内外广大客户的信赖，产品远销国内外。 2、为满足国内外客户对蒙砂加工快速、搞笑、环保的要求，我司旗分公司――上海多宁蒙砂机械设备有限公司，成功研发了化妆品玻璃瓶、酒瓶玻璃瓶、平板玻璃三大类自动蒙砂生产设备，并以批量在国内销售，以及出口到俄罗斯，墨西哥，印度等国。', 'http://www.torlincn.com/', '2010-11-19', '李建辉');
INSERT INTO `qb_brand_content_1` VALUES (7, 7, 7, 1, '浦江县东晟力祥水晶工艺制品厂坐落于浦江水晶城边的东力水晶工艺品厂一直奉行“双赢”经营理念。东力人把“以最底的成本制造出最好的产品”做为座右铭，能使我们的合作伙伴代理商，零售商，礼品公司，直接客户等在激励的市场竞争中立于不败之地，从中获益是东力的荣幸。 <br />\r\n<br />\r\n经过艰苦创业，已使东力拥有水晶礼品记念品，水晶奖品，供应各种水晶玻璃、普通玻璃、承接水晶加工业务。琉璃工艺品', 'http://www.crystaldl.cn/', '2010-11-27', '张海东');
INSERT INTO `qb_brand_content_1` VALUES (8, 8, 7, 1, '华尔润集团现有职工7800人，拥有总资产37亿元，具有年产4200万重箱浮法玻璃、500万M2加工玻璃和50万M2微晶板材生产能力,是全国最大的浮法玻璃生产企业。 公司通过多年的发展，已建成了一个玻璃与相关产品、产业链和集工、贸、技为一体的大型集团。集团总部建有9条浮法玻璃生产线、1个深加工中心.在全国唯一的内河保税物流园区建有仓储中心和1个5万吨级码头，在江门建有3条浮法玻璃生产线，在大连建有1条浮法玻璃生产线，在淮安建有年产30万吨联碱和36万吨真空制盐生产厂，在长兴建有年产40万吨石英砂生产厂', 'http://www.farun.com/', '2010-11-19', '陈惠南');

# --------------------------------------------------------

#
# 表的结构 `qb_brand_content_2`
#

DROP TABLE IF EXISTS `qb_brand_content_2`;
CREATE TABLE `qb_brand_content_2` (
  `rid` mediumint(7) NOT NULL auto_increment,
  `id` mediumint(7) NOT NULL default '0',
  `fid` mediumint(7) NOT NULL default '0',
  `uid` mediumint(7) NOT NULL default '0',
  `content` mediumtext NOT NULL,
  `dl_name` varchar(100) NOT NULL default '',
  `dl_level` varchar(100) NOT NULL default '',
  `dl_photo` varchar(100) NOT NULL default '',
  `dl_man` varchar(30) NOT NULL default '',
  `dl_phone` varchar(15) NOT NULL default '',
  `dl_fax` varchar(15) NOT NULL default '',
  `dl_email` varchar(50) NOT NULL default '',
  `dl_address` varchar(150) NOT NULL default '',
  `dl_url` varchar(100) NOT NULL default '',
  PRIMARY KEY  (`rid`),
  KEY `fid` (`fid`),
  KEY `id` (`id`),
  KEY `uid` (`uid`)
) TYPE=MyISAM AUTO_INCREMENT=8 ;

#
# 导出表中的数据 `qb_brand_content_2`
#

INSERT INTO `qb_brand_content_2` VALUES (1, 1, 7, 1, ' 公司通过多年的发展，已建成了一个玻璃与相关产品、产业链和集工、贸、技为一体的大型集团。集团总部建有9条浮法玻璃生产线、1个深加工中心.在全国唯一的内河保税物流园区建有仓储中心和1个5万吨级码头，在江门建有3条浮法玻璃生产线，在大连建有1条浮法玻璃生产线，在淮安建有年产30万吨联碱和36万吨真空制盐生产厂，在长兴建有年产40万吨石英砂生产厂', '天众有限责任公司', '一级总代理', 'http://images.glass.cn/company/20095/633778195935468750.jpg', '黄牛生', '02204777', '02125411', 'dfsa@wq.cn', '曲江中山路23号', 'http://xxx.com');
INSERT INTO `qb_brand_content_2` VALUES (2, 2, 7, 1, '安瑞装甲材料（芜湖）科技有限公司是由广州市鑫盾汽车玻璃有限公司、斯瑞达（香港）有限公司和乌拉圭PILBAN股份公司共同投资的中外合资企业，专业设计、研发、生产、加工和销售防弹玻璃、防弹钢板、防弹复合材料及其他商用、民用建筑防护玻璃等防护材料和配套产品，目前为奇瑞阿莫德科技有限公司、广州、江苏、北京等防弹车生产、改装厂配套生产各种级别的防弹玻璃', '安瑞装甲材料（芜湖）科技有限公司', '二级代理', 'http://images.glass.cn/company/20092/633711053941718750.jpg', '王明方', '5234543', '254325432', 'rtwet@ds.cn', '中山三路89号', 'http://xxx.com');
INSERT INTO `qb_brand_content_2` VALUES (3, 3, 6, 1, '我公司是一家大型钢化玻璃深加工企业，公司总投资约880万元，总占地面积约15000平米。 我公司拥有最完善的加工设备，其主要引进设备由洛阳北玻生产的BJ6104-1B50型全自动化钢化炉生产线、北京韩江生产的HJ-LINE3008型全电脑自动化中空生产线、乐威。德源红外蒸压釜、华盛机械生产制造IMF235B型全自动喷沙机、以及由广东新海岸提供的SZO222型钻孔机、SX2500型清洗机等。', '北京华翔钢化玻璃有限公司', '三级代理', 'http://images.glass.cn/company/20084/633433775742656250.jpg', '姚付国', '53254325', '432543254', 'fdsgd@dew.cn', '中山8路9号', 'http://xxx.com');
INSERT INTO `qb_brand_content_2` VALUES (4, 4, 4, 1, '海口西宏钢化玻璃有限公司位于海口市秀英区港澳国际工业开发区，是一家管理机制完善的民营企业。公司长期从事玻璃深加工，玻璃原片批发、销售，镀膜玻璃和镀镜的生产，以生产加工建筑玻璃为主导，配套家庭装饰工艺玻璃，是全省规模最大的玻璃深加工企业之一，主要产品有：平板钢化玻璃、弯钢化玻璃、夹层玻璃、中空玻璃、镀膜玻璃、银镜、防弹玻璃、防火玻璃和各式工艺玻璃等。', '海南海口西宏钢化玻璃有限公司', '三级代理', 'http://images.glass.cn/company/20095/633772072566703750.jpg', '陈烈西', '5643654', '365346543', 'dhdf@dfs.cn', '海中路89号', 'http://xxx.com');
INSERT INTO `qb_brand_content_2` VALUES (5, 5, 3, 1, '东莞市新长江钢化玻璃有限公司成立于2002年，并于2003年8月通过中国国家强制性产品3C认证。公司一直从事玻璃深加工，靠“求实、创新、团结、高效”的经营理念，承蒙各界朋友的厚爱，使公司在激烈的市场竞争中蒸蒸日上，茁壮成长。  公司技术雄厚，拥有一批专业的技术人才，以及先进、完善的生产机器设备。公司主要生产钢化玻璃，玻璃深加工，批发，年综合加工能力达60万平方米。', '东莞市新长江钢化玻璃有限公司', '二级代理', 'http://images.glass.cn/company/20094/633766874274375000.jpg', '郑生', '543654', '65346543', 'fgdhd@ew.cn', '曲江中山路23号', 'http://www.xcjglass.com/');
INSERT INTO `qb_brand_content_2` VALUES (6, 6, 1, 1, '晶创玉玻璃特点： 1.高科技自主研发产品，质感如玉，高贵典雅。国内首创、世界领先。 2.高档绿色环保建材，无大理石、花岗岩固有的对人体有害的放射性元素污染。 3.自古中华名族对玉有独特的情怀，使用玉玻璃有利于身心健康。 4.色泽丰富，纹理精致，品种多样，有透光和不透光的独特效果，可满足不同需求，适用于装饰各类品味场所 5.无机材料锻制而非有机树脂类化工产品，因而不老化，光泽恒久一致，永不退色。 6.不风化，耐侯性能好，室内，室外随心使用。 7.不吸收水分，易清洁，耐污染。', '东莞市晶创特种玻璃有限公司', '一级总代理', 'http://images.glass.cn/company/200812/633637418564427500.jpg', '吴崎', '534325432', '54325423', '5423fg@fd.cn', '海中路156号', 'http://xxx.com');
INSERT INTO `qb_brand_content_2` VALUES (7, 7, 1, 1, '晶创玉玻璃特点： 1.高科技自主研发产品，质感如玉，高贵典雅。国内首创、世界领先。 2.高档绿色环保建材，无大理石、花岗岩固有的对人体有害的放射性元素污染。 3.自古中华名族对玉有独特的情怀，使用玉玻璃有利于身心健康。 4.色泽丰富，纹理精致，品种多样，有透光和不透光的独特效果，可满足不同需求，适用于装饰各类品味场所 5.无机材料锻制而非有机树脂类化工产品，因而不老化，光泽恒久一致，永不退色。 6.不风化，耐侯性能好，室内，室外随心使用。 7.不吸收水分，易清洁，耐污染。', '东莞市晶创特种玻璃有限公司', '一级总代理', 'http://images.glass.cn/company/200812/633637418564427500.jpg', '吴崎', '534325432', '54325423', '5423fg@fd.cn', '海中路156号', 'http://xxx.com');

# --------------------------------------------------------

#
# 表的结构 `qb_brand_field`
#

DROP TABLE IF EXISTS `qb_brand_field`;
CREATE TABLE `qb_brand_field` (
  `id` mediumint(7) NOT NULL auto_increment,
  `mid` mediumint(5) NOT NULL default '0',
  `title` varchar(50) NOT NULL default '',
  `field_name` varchar(30) NOT NULL default '',
  `field_type` varchar(15) NOT NULL default '',
  `field_leng` smallint(3) NOT NULL default '0',
  `orderlist` int(10) NOT NULL default '0',
  `form_type` varchar(15) NOT NULL default '',
  `field_inputwidth` smallint(3) default NULL,
  `field_inputheight` smallint(3) NOT NULL default '0',
  `form_set` text NOT NULL,
  `form_value` text NOT NULL,
  `form_units` varchar(30) NOT NULL default '',
  `form_title` text NOT NULL,
  `mustfill` tinyint(1) NOT NULL default '0',
  `listshow` tinyint(1) NOT NULL default '0',
  `listfilter` tinyint(1) default NULL,
  `search` tinyint(1) NOT NULL default '0',
  `allowview` varchar(255) NOT NULL default '',
  `allowpost` varchar(255) NOT NULL default '',
  `js_check` text NOT NULL,
  `js_checkmsg` varchar(255) NOT NULL default '',
  `classid` mediumint(7) NOT NULL default '0',
  `form_js` text NOT NULL,
  PRIMARY KEY  (`id`)
) TYPE=MyISAM AUTO_INCREMENT=160 ;

#
# 导出表中的数据 `qb_brand_field`
#

INSERT INTO `qb_brand_field` VALUES (88, 2, '介绍', 'content', 'mediumtext', 0, -1, 'textarea', 500, 100, '', '', '', '', 0, 0, 0, 0, '', '', '', '', 0, '');
INSERT INTO `qb_brand_field` VALUES (86, 1, '品牌描述', 'content', 'mediumtext', 0, -1, 'ieeditsimp', 600, 250, '', '', '', '', 0, 0, 0, 0, '', '', '', '', 0, '');
INSERT INTO `qb_brand_field` VALUES (153, 2, '联系电话', 'dl_phone', 'varchar', 15, 0, 'text', 100, 0, '', '', '', '', 0, 0, 0, 0, '', '', '', '', 0, '');
INSERT INTO `qb_brand_field` VALUES (149, 2, '代理商名称', 'dl_name', 'varchar', 100, 0, 'text', 300, 0, '', '', '', '', 0, 0, 0, 0, '', '', '', '', 0, '');
INSERT INTO `qb_brand_field` VALUES (150, 2, '代理商级别', 'dl_level', 'varchar', 100, 0, 'select', 0, 0, '一级总代理\r\n二级代理\r\n三级代理\r\n其它代理', '', '', '', 0, 0, 0, 0, '', '', '', '', 0, '');
INSERT INTO `qb_brand_field` VALUES (151, 2, '代理商资格证书', 'dl_photo', 'varchar', 100, 0, 'onepic', 0, 0, '', '', '', '', 0, 0, 0, 0, '', '', '', '', 0, '');
INSERT INTO `qb_brand_field` VALUES (152, 2, '负责人姓名', 'dl_man', 'varchar', 30, 0, 'text', 100, 0, '', '', '', '', 0, 0, 0, 0, '', '', '', '', 0, '');
INSERT INTO `qb_brand_field` VALUES (148, 1, '品牌官网', 'offurl', 'varchar', 100, 9, 'text', 300, 0, '', '', '', '', 0, 0, 0, 0, '', '', '', '', 0, '');
INSERT INTO `qb_brand_field` VALUES (154, 2, '传真', 'dl_fax', 'varchar', 15, 0, 'text', 300, 0, '', '', '', '', 0, 0, 0, 0, '', '', '', '', 0, '');
INSERT INTO `qb_brand_field` VALUES (155, 2, '邮箱地址', 'dl_email', 'varchar', 50, 0, 'text', 200, 0, '', '', '', '', 0, 0, 0, 0, '', '', '', '', 0, '');
INSERT INTO `qb_brand_field` VALUES (156, 2, '详细地址', 'dl_address', 'varchar', 150, 0, 'text', 300, 0, '', '', '', '', 0, 0, 0, 0, '', '', '', '', 0, '');
INSERT INTO `qb_brand_field` VALUES (157, 2, '网站', 'dl_url', 'varchar', 100, 0, 'text', 300, 0, '', '', '', '', 0, 0, 0, 0, '', '', '', '', 0, '');
INSERT INTO `qb_brand_field` VALUES (158, 1, '品牌成立日期', 'creattime', 'varchar', 30, 8, 'time', 0, 0, '', '', '', '', 0, 0, 0, 0, '', '', '', '', 0, '');
INSERT INTO `qb_brand_field` VALUES (159, 1, '品牌代言人', 'famous_person', 'varchar', 30, 7, 'text', 150, 0, '', '', '', '', 0, 0, 0, 0, '', '', '', '', 0, '');

# --------------------------------------------------------

#
# 表的结构 `qb_brand_join`
#

DROP TABLE IF EXISTS `qb_brand_join`;
CREATE TABLE `qb_brand_join` (
  `id` mediumint(7) NOT NULL auto_increment,
  `mid` smallint(4) NOT NULL default '0',
  `cid` mediumint(7) NOT NULL default '0',
  `cuid` mediumint(7) NOT NULL default '0',
  `fid` mediumint(7) NOT NULL default '0',
  `posttime` int(10) NOT NULL default '0',
  `uid` mediumint(7) NOT NULL default '0',
  `username` varchar(30) NOT NULL default '',
  `yz` tinyint(1) NOT NULL default '0',
  `ip` varchar(15) NOT NULL default '',
  `levels` tinyint(1) NOT NULL default '0',
  `levelstime` int(10) NOT NULL default '0',
  `hits` mediumint(7) NOT NULL default '0',
  PRIMARY KEY  (`id`),
  KEY `mid` (`mid`),
  KEY `fid` (`fid`,`cid`),
  KEY `yz` (`yz`,`fid`,`mid`,`cid`),
  KEY `cuid` (`cuid`)
) TYPE=MyISAM AUTO_INCREMENT=8 ;

#
# 导出表中的数据 `qb_brand_join`
#

INSERT INTO `qb_brand_join` VALUES (1, 2, 8, 0, 7, 1288621937, 1, 'admin', 0, '127.0.0.1', 0, 0, 0);
INSERT INTO `qb_brand_join` VALUES (2, 2, 7, 0, 7, 1288622403, 1, 'admin', 0, '127.0.0.1', 0, 0, 0);
INSERT INTO `qb_brand_join` VALUES (3, 2, 6, 0, 6, 1288622484, 1, 'admin', 0, '127.0.0.1', 0, 0, 0);
INSERT INTO `qb_brand_join` VALUES (4, 2, 4, 0, 4, 1288622558, 1, 'admin', 0, '127.0.0.1', 0, 0, 0);
INSERT INTO `qb_brand_join` VALUES (5, 2, 3, 0, 3, 1288622614, 1, 'admin', 0, '127.0.0.1', 0, 0, 0);
INSERT INTO `qb_brand_join` VALUES (6, 2, 1, 0, 1, 1288622696, 1, 'admin', 0, '127.0.0.1', 0, 0, 0);
INSERT INTO `qb_brand_join` VALUES (7, 2, 1, 0, 1, 1288622696, 1, 'admin', 0, '127.0.0.1', 0, 0, 0);

# --------------------------------------------------------

#
# 表的结构 `qb_brand_module`
#

DROP TABLE IF EXISTS `qb_brand_module`;
CREATE TABLE `qb_brand_module` (
  `id` smallint(4) NOT NULL auto_increment,
  `sort_id` mediumint(5) NOT NULL default '0',
  `name` varchar(50) NOT NULL default '',
  `list` smallint(4) NOT NULL default '0',
  `style` varchar(50) NOT NULL default '',
  `config` text NOT NULL,
  `config2` text NOT NULL,
  `comment_type` tinyint(1) NOT NULL default '0',
  `ifdp` tinyint(1) NOT NULL default '0',
  `template` text NOT NULL,
  PRIMARY KEY  (`id`)
) TYPE=MyISAM AUTO_INCREMENT=3 ;

#
# 导出表中的数据 `qb_brand_module`
#

INSERT INTO `qb_brand_module` VALUES (1, 0, '品牌模型', 10, '', 'a:1:{s:9:"moduleSet";a:1:{s:6:"useMap";s:1:"1";}}', '', 1, 0, '');
INSERT INTO `qb_brand_module` VALUES (2, 0, '代理商模型', 4, '', 'a:1:{s:9:"moduleSet";a:1:{s:6:"useMap";s:1:"0";}}', '', 1, 0, 'a:4:{s:4:"list";s:12:"joinlist.htm";s:4:"show";s:12:"joinshow.htm";s:4:"post";s:8:"join.htm";s:6:"search";s:0:"";}');

# --------------------------------------------------------

#
# 表的结构 `qb_brand_sort`
#

DROP TABLE IF EXISTS `qb_brand_sort`;
CREATE TABLE `qb_brand_sort` (
  `fid` mediumint(7) unsigned NOT NULL auto_increment,
  `fup` mediumint(7) unsigned NOT NULL default '0',
  `name` varchar(50) NOT NULL default '',
  `mid` smallint(4) NOT NULL default '0',
  `class` smallint(4) NOT NULL default '0',
  `sons` smallint(4) NOT NULL default '0',
  `type` tinyint(1) NOT NULL default '0',
  `admin` varchar(100) NOT NULL default '',
  `list` int(10) NOT NULL default '0',
  `listorder` tinyint(2) NOT NULL default '0',
  `passwd` varchar(32) NOT NULL default '',
  `logo` varchar(150) NOT NULL default '',
  `descrip` text NOT NULL,
  `style` varchar(50) NOT NULL default '',
  `template` text NOT NULL,
  `jumpurl` varchar(150) NOT NULL default '',
  `maxperpage` tinyint(3) NOT NULL default '0',
  `metatitle` varchar(250) NOT NULL default '',
  `metakeywords` varchar(255) NOT NULL default '',
  `metadescription` varchar(255) NOT NULL default '',
  `allowcomment` tinyint(1) NOT NULL default '0',
  `allowpost` varchar(150) NOT NULL default '',
  `allowviewtitle` varchar(150) NOT NULL default '',
  `allowviewcontent` varchar(150) NOT NULL default '',
  `allowdownload` varchar(150) NOT NULL default '',
  `forbidshow` tinyint(1) NOT NULL default '0',
  `config` mediumtext NOT NULL,
  `index_show` tinyint(1) NOT NULL default '0',
  `contents` mediumint(4) NOT NULL default '0',
  `tableid` varchar(30) NOT NULL default '',
  `dir_name` varchar(50) NOT NULL default '',
  `ifcolor` tinyint(1) NOT NULL default '0',
  PRIMARY KEY  (`fid`)
) TYPE=MyISAM AUTO_INCREMENT=8 ;

#
# 导出表中的数据 `qb_brand_sort`
#

INSERT INTO `qb_brand_sort` VALUES (1, 0, '机械类', 1, 2, 0, 0, '', 0, 0, '', '', '', '', 'N;', '', 0, '', '', '', 0, '', '', '', '', 0, '', 0, 0, '', '', 0);
INSERT INTO `qb_brand_sort` VALUES (2, 0, '家居类', 1, 2, 0, 0, '', 0, 0, '', '', '', '', 'N;', '', 0, '', '', '', 0, '', '', '', '', 0, '', 0, 0, '', '', 0);
INSERT INTO `qb_brand_sort` VALUES (3, 0, '玩具类', 1, 2, 0, 0, '', 0, 0, '', '', '', '', 'N;', '', 0, '', '', '', 0, '', '', '', '', 0, '', 0, 0, '', '', 0);
INSERT INTO `qb_brand_sort` VALUES (4, 0, '加工类', 1, 2, 0, 0, '', 0, 0, '', '', '', '', 'N;', '', 0, '', '', '', 0, '', '', '', '', 0, '', 0, 0, '', '', 0);
INSERT INTO `qb_brand_sort` VALUES (5, 0, '纺织类', 1, 2, 0, 0, '', 0, 0, '', '', '', '', 'N;', '', 0, '', '', '', 0, '', '', '', '', 0, '', 0, 0, '', '', 0);
INSERT INTO `qb_brand_sort` VALUES (6, 0, '医药类', 1, 2, 0, 0, '', 0, 0, '', '', '', '', 'N;', '', 0, '', '', '', 0, '', '', '', '', 0, '', 0, 0, '', '', 0);
INSERT INTO `qb_brand_sort` VALUES (7, 0, '其它', 1, 2, 0, 0, '', 0, 0, '', '', '', '', 'N;', '', 0, '', '', '', 0, '', '', '', '', 0, '', 0, 0, '', '', 0);
